year,ASEAN-5,Advanced economies,Afghanistan,Africa (Region),Albania,Algeria,Andorra,Angola,Antigua and Barbuda,Argentina,Armenia,Aruba,Asia and Pacific,Australia,Australia and New Zealand,Austria,Azerbaijan,Bahrain,Bangladesh,Barbados,Belarus,Belgium,Belize,Benin,Bhutan,Bolivia,Bosnia and Herzegovina,Botswana,Brazil,Brunei Darussalam,Bulgaria,Burkina Faso,Burundi,Cabo Verde,Cambodia,Cameroon,Canada,Caribbean,Central African Republic,Central America,Chad,Chile,China,Colombia,Comoros,Costa Rica,Croatia,Cyprus,Czech Republic,Côte d'Ivoire,Dem. Rep. of the Congo,Denmark,Djibouti,Dominica,Dominican Republic,East Asia,Eastern Europe ,Ecuador,Egypt,El Salvador,Emerging and Developing Asia,Emerging and Developing Europe,Emerging market and developing economies,Equatorial Guinea,Eritrea,Estonia,Eswatini,Ethiopia,Euro area,Europe,European Union,Fed. States of Micronesia,Fiji,Finland,France,Gabon,Georgia,Germany,Ghana,Greece,Grenada,Guatemala,Guinea,Guinea-Bissau,Guyana,Haiti,Honduras,Hong Kong SAR,Hungary,Iceland,India,Indonesia,Iran,Iraq,Ireland,Israel,Italy,Jamaica,Japan,Jordan,Kazakhstan,Kenya,Kiribati,Kosovo,Kuwait,Kyrgyz Republic,Lao P.D.R.,Latin America and the Caribbean,Latvia,Lebanon,Lesotho,Liberia,Libya,Lithuania,Luxembourg,Macao SAR,Madagascar,Major advanced economies (G7),Malawi,Malaysia,Maldives,Mali,Malta,Marshall Islands,Mauritania,Mauritius,Mexico,Middle East (Region),Middle East and Central Asia,Moldova,Mongolia,Montenegro,Morocco,Mozambique,Myanmar,Namibia,Nauru,Nepal,Netherlands,New Zealand,Nicaragua,Niger,Nigeria,North Africa,North America,North Macedonia,Norway,Oman,Other advanced economies,Pacific Islands ,Pakistan,Palau,Panama,Papua New Guinea,Paraguay,Peru,Philippines,Poland,Portugal,Puerto Rico,Qatar,Republic of Congo,Republic of Korea,Republic of South Sudan,Republic of Turkiye,Romania,Russian Federation,Rwanda,Saint Kitts and Nevis,Saint Lucia,Saint Vincent and the Grenadines,Samoa,San Marino,Saudi Arabia,Senegal,Serbia,Seychelles,Sierra Leone,Singapore,Slovak Republic,Slovenia,Solomon Islands,Somalia,South Africa,South America,South Asia,Southeast Asia,Spain,Sri Lanka,Sub-Saharan Africa,Sub-Saharan Africa (Region),Sudan,Suriname,Sweden,Switzerland,Syria,São Tomé and Príncipe,Taiwan Province of China,Tajikistan,Tanzania,Thailand,The Bahamas,The Gambia,Timor-Leste,Togo,Tonga,Trinidad and Tobago,Tunisia,Turkmenistan,Tuvalu,Uganda,Ukraine,United Arab Emirates,United Kingdom,United States,Uruguay,Uzbekistan,Vanuatu,Venezuela,Vietnam,West Bank and Gaza,Western Europe,Western Hemisphere (Region),World,Yemen,Zambia,Zimbabwe,Central Asia and the Caucasus
1980,7.7,1.3,8.79,4.374601433049709,2.7,-5.4,1.1411764705882352,2.4,8.2,0.7,8.465396664738769,5.991176470588235,4.4,2.9,2.6,2.3,7.96539666473877,7.5,5.120512820512821,4.4,2.65,4.4,5.0,9.3,5.0,0.6,6.54,12.0,9.2,5.128571428571428,5.7,4.0,-6.8,5.3,9.760462962962963,9.9,2.2,4.3,-3.0,2.3,-6.0,7.9,7.9,4.4,7.4,0.8,-0.6599999999999997,5.9,7.561453150430132,5.2,2.4,-0.5,-1.2931818181818182,13.4,8.0,4.2,-0.9,4.9,3.4,-8.6,6.3,-0.8,3.3,4.8,-0.6931818181818181,6.46539666473877,-3.8,4.0,2.6796794871794876,1.4,1.8,1.5000000000000002,-1.7,5.7,1.8,0.0,6.96539666473877,1.3,0.5,0.7,15.1,3.7,2.6,3.028205128205128,-2.1,7.3,0.6,10.3,0.2,5.7,5.3,9.9,-21.6,4.159090909090909,2.9,3.6,3.1,-4.0,3.2,11.1,6.5653966647387705,5.6,0.1,6.187712418300654,-20.4,-2.1346033352612297,10.0,6.4,6.0653966647387705,1.5,-0.8,6.706818181818183,0.6,6.76539666473877,3.2,11.941176470588236,0.8,0.9,0.4,7.4,18.8,3.3,7.0,4.0,5.856818181818182,-10.1,9.5,-3.5,-1.9,-1.9846033352612302,6.4,5.592291666666666,3.8,4.2,14.12857142857143,-2.634235949235949,4.800000000000001,-2.3,2.1564102564102567,1.0,4.6,4.9,6.206818181818182,0.3,1.0,-0.1599999999999997,4.5,6.1,3.8,-1.9,6.9,1.5500000000000003,4.5,-2.3,11.7,7.7,5.1,-6.0,6.7,1.9307692307692308,-1.0,12.7,-1.6,3.056818181818182,-0.8,3.3,-0.03460333526123005,-3.6,1.3,-0.5,2.9,-6.1,0.4400000000000004,5.7,-0.8,7.04,-2.3,-0.6,10.1,7.140000000000001,4.193192280864915,-2.7,4.158068181818182,6.6,5.7,5.2,7.0,1.2,5.8,5.541059113300492,5.149556650246305,2.5,-6.5,4.6,5.1,10.5,-1.1,8.0,6.476898641023355,3.3,4.6,7.1,0.7,3.1285714285714286,-2.3,15.8,10.4,7.4,8.26539666473877,4.15,-3.4,-0.1346033352612297,-1.8,-2.2,-0.3,6.0,5.73914666473877,5.5,-4.9,-3.5,5.909090909090909,1.6,2.2,2.1,4.124157575757576,3.9,2.406818181818182,11.338553161774342
1981,6.5,2.0,11.85,3.738894362342638,5.7,3.0,0.780555555555555,-4.4,3.8,-5.7,8.465396664738769,5.630555555555555,5.2,4.1,3.9,-0.1,7.96539666473877,2.8,3.8,-1.9,2.65,-0.3,0.2,1.9,13.6,0.3,5.015384615384615,8.2,-4.4,6.857142857142856,5.3,2.7,12.2,8.4,11.48903439153439,17.1,3.5,2.2,13.0,1.4,-10.8,6.2,5.1,2.3,5.5,-2.3,-2.184615384615385,3.1,7.200832235397451,3.5,0.9,-0.7,-1.928888888888889,10.8,4.3,4.8,-2.6,3.9,2.2,-5.7,5.9,-0.5,1.9,5.8,-1.328888888888889,6.46539666473877,6.9,0.0,0.04011904761904739,0.0,0.1,3.033333333333333,6.0,1.3,1.1,-4.0,6.96539666473877,0.1,-3.8,-1.6,1.4,0.6,0.6,-0.5,0.6,1.1,-1.2,9.2,2.9,4.3,6.0,7.6,-5.7,6.777272727272727,2.5,4.7,0.6,4.4,4.2,15.0,6.5653966647387705,4.1,0.2,4.663097033685269,-18.9,-2.1346033352612297,15.3,0.9,6.0653966647387705,0.5,3.1,6.071111111111112,-20.0,6.76539666473877,0.8,11.580555555555554,-9.8,2.0,-5.2,6.9,7.9,-4.5,2.7,5.533333333333333,5.221111111111111,5.9,8.5,0.4,-0.2,-1.9846033352612302,8.4,4.0676762820512815,-2.8,5.0,15.857142857142858,-3.26994301994302,6.333333333333333,8.3,-0.5,3.0,5.4,-0.2,5.571111111111111,-3.6,3.3,-1.6846153846153846,1.6,17.1,4.2,2.5,6.2,3.083333333333333,9.2,1.1,9.2,5.5,3.4,-10.0,3.5,1.1,-3.9,2.6,7.2,2.421111111111111,4.4,0.1,-0.03460333526123005,2.5,2.7,5.1,3.9,-9.1,-1.0846153846153845,1.9,5.1,5.515384615384615,-3.9,1.9,10.8,5.615384615384616,3.832571365832235,-1.8,3.5223611111111106,5.4,-2.3,6.0,6.5,-0.4,5.3,5.373559113300493,4.982056650246306,6.3,1.9,4.5,1.6,8.5,-10.3,7.1,6.476898641023355,0.5,5.9,-2.9,-9.5,4.857142857142856,-3.4,14.0,4.6,5.5,8.26539666473877,5.683333333333333,3.9,-0.1346033352612297,8.0,-0.9,2.5,1.9,5.73914666473877,4.4,-1.3,5.8,8.527272727272727,0.3,2.0,1.9,6.742339393939394,6.6,1.771111111111111,11.338553161774342
1982,3.8,0.2,9.766666666666666,4.74111658456486,2.9,6.4,-0.4583333333333335,0.0,-0.1,-3.1,10.3,4.391666666666667,4.2,0.1,0.5,1.9,9.8,6.4,2.4,-4.9,4.0,0.6,-7.6,1.7,8.2,-3.9,5.344444444444444,15.9,0.6,4.199999999999999,4.2,1.4,-1.1,2.8,8.831891534391534,7.6,-3.2,0.2,-3.6,-1.8,5.4,-13.6,9.0,0.9,4.1,-7.3,-1.8555555555555554,6.3,5.961943346508563,0.2,-0.5,3.7,-0.9266666666666667,4.1,1.7,4.8,0.5,1.2,7.3,-6.3,5.1,1.4,1.5,2.2,-0.32666666666666666,8.3,1.4,1.0,0.3686904761904758,0.7,0.6,1.3,-1.1,3.1,2.5,4.1,8.8,-0.8,-8.3,-1.1,4.1,-3.5,1.8,4.2,-8.9,-2.8,-2.1,2.9,2.8,2.2,3.5,2.2,23.2,1.186363636363637,1.5,1.4,0.2,3.1,3.3,5.8,8.4,5.1,0.7,4.992156862745098,-9.5,-0.2999999999999998,4.7,-0.5,7.9,-36.8,5.6,7.073333333333334,1.5,8.6,1.0,10.341666666666665,-1.9,-0.1,2.5,5.9,7.5,-11.6,0.1,3.8,6.223333333333334,5.5,-0.5,-2.4,0.4,-0.15000000000000036,8.3,4.396736111111111,9.6,-6.9,13.2,-2.2677207977207976,4.6,3.8,-1.3,2.9,-0.8,2.2,6.573333333333333,5.5,-1.8,-1.3555555555555554,0.2,11.5,2.2,0.3,7.6,1.35,5.3,0.8,-1.4,-0.3,3.6,-4.8,2.2,-3.0,-8.2,2.4,8.3,3.423333333333334,3.4,3.9,1.7999999999999998,-2.5,6.1,2.1,2.6,-1.0,-0.7555555555555553,-20.7,7.8,5.844444444444444,-2.1,1.8,7.1,5.944444444444445,2.5936824769433464,-1.7,4.524583333333333,-0.4,-0.4,4.2,4.1,1.2,5.2,5.591059113300493,5.199556650246306,4.1,-6.3,1.4,-1.3,2.6,3.1,4.8,8.311501976284585,0.6,5.4,6.3,20.8,2.199999999999999,-3.7,12.8,3.8,-0.5,10.1,3.95,8.2,1.7000000000000002,-7.2,1.7,-1.8,-9.4,7.5737499999999995,2.0,2.6,8.2,2.936363636363637,0.7,-1.4,0.7,1.151430303030304,-2.9,2.7733333333333334,13.173156497035574
1983,4.5,3.2,8.933333333333334,3.9033388067870827,1.1,5.4,1.2166666666666663,4.2,5.4,3.7,10.6,6.066666666666666,5.4,-0.5,-0.4,2.8,10.1,7.0,4.0,0.5,4.3,0.3,6.1,-2.0,7.3,-4.0,5.985185185185185,10.8,-3.4,4.142857142857142,3.0,-1.2,3.7,9.5,8.774748677248677,6.8,2.6,-1.9,-6.0,0.9,15.7,-2.8,10.8,1.6,3.1,2.9,-1.2148148148148148,5.3,7.636943346508563,-2.5,1.4,2.6,-1.7644444444444445,2.6,4.6,6.0,4.5,-2.8,8.9,1.5,7.0,4.6,1.8,5.0,-1.1644444444444444,8.6,-0.5,7.8,0.7329761904761903,2.0,1.7,0.5833333333333333,-4.2,3.1,1.3,2.0,9.1,1.6,-6.2,-1.1,3.3,-2.5,1.3,-3.4,-11.5,-1.5,0.9,6.0,0.7,-2.2,7.3,4.2,11.1,7.777272727272727,-0.7,2.6,0.9,4.2,3.5,1.4,8.7,1.6,-2.7,5.632897603485839,5.3,0.0,3.0,-2.8,8.2,22.7,3.0,6.235555555555557,-4.7,8.899999999999999,1.9,12.016666666666666,0.9,3.3,3.7,6.3,4.4,3.2,2.6,3.083333333333333,5.385555555555555,0.4,-3.5,-1.1,0.7,0.14999999999999947,5.8,5.037476851851851,-0.6,-15.7,13.142857142857142,-3.1054985754985753,3.8833333333333333,-3.0,1.8,-0.1,4.6,-3.9,5.735555555555555,3.6,3.5,-0.7148148148148148,4.0,15.9,4.0,1.0,6.8,0.6333333333333332,-4.5,3.4,-3.0,-9.3,1.9,5.6,1.0,0.5,-5.3,2.4,13.4,2.5855555555555556,4.8,6.0,2.0999999999999996,6.0,-2.1,4.1,3.2,0.5,-0.1148148148148147,-16.1,-5.3,6.485185185185185,-0.6,-1.6,8.6,6.5851851851851855,4.268682476943346,3.9,3.6868055555555554,-1.8,-2.8,6.7,4.6,1.7,3.3,4.913559113300492,4.522056650246306,-1.5,-5.1,2.1,0.6,1.6,-3.9,9.0,8.611501976284584,2.4,5.6,6.8,13.5,2.142857142857143,-5.2,5.8,-10.3,4.7,10.399999999999999,3.2333333333333334,4.9,2.0,-5.2,3.9,4.6,-5.9,7.873749999999999,3.0,-9.9,7.1,9.527272727272727,1.7,2.1,2.6,7.742339393939394,-1.1,1.9355555555555557,13.473156497035571
1984,4.6,4.8,10.816666666666666,4.656672140120417,2.0,5.6,3.5083333333333333,6.0,10.2,2.0,9.3,8.358333333333334,6.5,6.3,6.4,0.3,8.8,4.2,5.2,3.6,3.0,2.5,11.3,0.4,7.6,-0.2,6.951851851851851,6.5,5.3,4.257142857142856,4.6,1.6,0.2,3.8,8.889034391534391,7.5,5.9,-0.2,9.9,2.1,5.3,5.9,15.2,3.4,4.2,8.0,-0.24814814814814845,8.8,9.92861001317523,-2.0,4.8,4.2,-1.0111111111111106,4.2,1.3,7.7,2.9,4.2,8.0,1.3,7.5,4.1,4.1,1.0,-0.41111111111111054,7.3,2.5,-2.3,1.7472619047619045,2.5,2.5,9.95,10.1,3.2,1.6,4.9,7.8,2.8,9.4,2.0,4.0,0.5,1.4,5.5,2.1,0.2,6.3,10.0,2.7,4.1,3.8,7.6,-7.1,11.113636363636363,3.2,2.2,3.0,0.9,4.5,5.5,7.4,1.6,2.4,6.599564270152506,5.2,-1.2999999999999998,6.4,3.9,6.9,44.5,4.3,6.988888888888891,-8.3,7.6,4.7,14.308333333333334,1.8,5.0,5.4,7.8,17.4,2.4,0.8,12.45,6.138888888888889,4.8,3.4,-1.4,0.3,-1.1500000000000004,5.9,6.004143518518518,4.3,-6.5,13.257142857142856,-2.3521652421652415,13.249999999999998,9.7,3.1,6.9,-1.6,-16.8,6.488888888888889,3.5,6.7,0.25185185185185155,6.1,13.9,6.6,3.9,4.0,9.999999999999998,2.7,-1.0,2.8,3.8,-7.3,-0.4,-1.0,7.3,16.0,2.4,10.6,3.3388888888888895,6.8,6.0,0.7999999999999998,13.0,9.7,8.0,5.3,2.0,0.8518518518518516,-4.7,3.7,7.451851851851851,4.3,1.7,8.8,7.551851851851852,6.560349143610013,0.2,4.440138888888889,5.1,4.4,4.1,4.9,1.7,6.7,5.721059113300493,5.329556650246306,-5.6,-3.0,4.3,3.1,-6.5,-6.0,10.0,7.3115019762845845,3.4,5.8,2.4,-7.6,2.2571428571428567,5.9,44.1,-5.8,5.7,9.1,12.599999999999998,-3.0,0.7000000000000002,4.5,1.9,7.2,-1.5,6.5737499999999995,9.6,5.2,8.4,12.863636363636363,2.5,6.1,4.6,11.07870303030303,-1.7,2.6888888888888896,12.173156497035574
1985,1.3,3.7,10.083333333333332,6.638894362342637,-1.5,5.6,1.0166666666666666,3.5,7.6,-7.0,8.0,5.866666666666667,5.8,5.5,4.8,2.2,7.5,-0.9,3.2,1.1,1.7,1.7,-1.4,4.3,4.3,-1.7,6.3962962962962955,7.7,7.9,0.9571428571428573,1.8,11.3,11.8,8.6,5.589034391534392,8.1,4.7,-0.1,3.7,0.2,7.9,2.0,13.5,3.1,2.9,0.7,-0.8037037037037038,4.7,7.4369433465085635,3.6,0.5,4.0,0.9711111111111101,1.4,-2.1,7.3,1.6,4.4,7.4,0.6,6.6,2.4,3.5,12.9,1.5711111111111102,6.0,1.9,-11.4,1.8186904761904756,2.5,2.2,-1.1500000000000001,-3.8,3.5,1.7,5.8,6.5,2.2,6.4,2.5,6.0,-0.6,5.0,4.3,0.4,0.8,5.6,0.7,-0.3,3.3,5.3,3.9,1.9,5.949999999999999,1.9,4.5,2.6,-0.9,5.2,-1.1,6.1000000000000005,4.1,-4.5,6.04400871459695,-4.3,-2.5999999999999996,9.1,3.2,5.6,24.3,3.3,8.97111111111111,0.6,6.3,5.6,11.816666666666666,1.2,3.8,4.6,-0.9,13.8,3.2,2.4,1.3499999999999999,8.12111111111111,6.9,2.2,-1.6,1.2,-2.45,5.7,5.4485879629629625,6.3,1.0,9.957142857142857,-0.3699430199430207,2.15,6.1,2.7,1.2,-4.1,7.7,8.47111111111111,5.3,4.0,-0.3037037037037038,5.6,14.5,4.3,1.1,8.7,-1.1,4.9,3.6,3.9,2.1,-7.3,3.9,1.6,2.1,-13.0,2.4,7.8,5.321111111111111,4.3,-0.1,-0.5000000000000002,4.4,6.4,12.6,4.3,5.8,0.2962962962962963,-9.8,3.3,6.8962962962962955,10.3,-6.7,-0.6,6.996296296296297,4.068682476943346,-3.1,6.42236111111111,-1.2,3.9,5.7,1.7,2.4,5.0,7.693559113300493,7.302056650246306,-0.6,-0.9,2.3,3.7,7.3,9.3,4.8,6.011501976284585,4.6,4.6,4.1,3.6,-1.0428571428571427,3.7,5.6,-4.1,5.7,7.8,1.4999999999999998,-3.0,-0.5999999999999999,-2.5,3.7,4.2,0.3,5.27375,1.0,0.9,5.6,7.699999999999999,2.6,3.9,3.6,5.915066666666666,1.2,4.67111111111111,10.873156497035573
1986,5.2,3.3,10.033333333333333,5.9300054734537495,5.6,-0.2,1.75,2.9,11.5,7.1,9.9,6.6,5.4,2.4,2.4,2.3,9.4,0.5,4.2,5.1,3.6,1.8,7.3,2.7,8.0,-2.6,7.27037037037037,8.6,7.5,-2.7,5.3,8.0,3.2,2.9,6.544391534391535,6.8,2.1,1.9,7.2,2.2,6.0,5.6,8.9,5.8,2.2,5.5,0.07037037037036997,3.6,8.170276679841896,4.8,4.7,4.9,0.26222222222222236,7.1,3.5,5.8,3.1,3.1,4.8,0.2,6.2,4.4,4.3,-2.3,0.8622222222222224,7.9,18.6,9.7,2.1472619047619044,2.7,2.7,2.6833333333333327,6.6,2.7,2.3,-2.1,8.4,2.4,6.2,0.5,7.4,0.1,3.1,-1.0,-0.2,0.3,5.3,11.1,1.5,6.3,4.8,7.2,-9.8,4.113636363636363,0.4,3.6,2.7,7.0,3.3,5.9,8.0,7.0,1.0,6.918082788671024,8.6,-0.6999999999999997,4.8,4.3,7.5,-6.8,4.1,8.262222222222224,-11.4,8.2,10.0,12.549999999999999,2.0,3.0,-0.2,1.2,8.6,6.1,3.8,5.183333333333333,7.412222222222223,9.7,-3.1,1.9,2.0,-0.5500000000000003,9.4,6.322662037037036,8.3,-2.3,10.912500000000001,-1.0788319088319085,5.9833333333333325,4.6,3.1,1.8,-1.0,6.4,7.762222222222222,0.5,2.7,0.57037037037037,4.0,2.1,5.5,5.6,6.4,2.733333333333333,3.6,5.7,0.3,12.1,3.4,3.5,3.3,8.2,3.7,2.3,11.3,4.612222222222223,6.9,2.4,1.4,5.5,8.8,14.4,5.4,4.8,1.17037037037037,17.0,3.1,7.77037037037037,0.8,0.1,1.3,7.87037037037037,4.80201581027668,-0.2,5.713472222222222,0.0,7.1,4.9,5.0,3.4,4.3,7.536059113300492,7.144556650246306,9.9,-2.4,3.0,1.8,-4.8,-5.8,11.5,7.911501976284585,6.6,5.5,2.6,2.4,-0.08749999999999991,3.3,8.8,-3.3,-1.5,9.7,5.333333333333333,0.9,1.3000000000000003,-19.3,2.6,3.5,7.5,7.17375,-0.1,6.1,3.4,5.863636363636363,2.6,3.7,3.6,4.07870303030303,1.7,3.9622222222222225,12.773156497035572
1987,6.9,3.8,10.8,5.243338806787083,-0.8,-0.7,3.1459459459459462,4.1,6.6,2.5,9.1,16.1,6.8,4.9,4.5,1.7,8.6,-1.2,3.7,2.6,2.8,2.3,22.0,-2.1,20.2,2.5,7.229629629629629,14.9,3.6,2.0,4.7,-0.2,5.5,4.3,8.544391534391535,-2.2,4.1,1.7,0.0,4.4,3.6,6.6,11.7,5.4,2.2,4.8,0.029629629629630116,7.1,9.566222625787843,-0.5,2.7,0.3,-0.4244444444444446,6.3,10.1,7.7,2.4,-6.0,4.3,2.5,7.2,5.0,4.0,4.4,0.17555555555555546,7.1,10.0,13.9,2.561547619047619,2.9,2.6,-0.41666666666666663,-7.2,3.6,2.6,-15.4,7.6,1.5,6.7,-2.3,9.1,3.6,3.3,5.6,-0.1,-0.4,6.6,13.4,4.1,8.5,4.0,6.6,-0.2,6.822727272727272,3.6,7.5,3.1,7.7,4.7,2.7,7.2,5.8,0.4,6.877342047930284,8.1,-1.5,-1.0,3.3,6.699999999999999,16.7,2.1,7.575555555555557,-14.7,7.3999999999999995,4.0,13.945945945945946,1.2,3.5,1.6,5.4,8.9,2.5,5.7,2.0833333333333335,6.725555555555555,10.2,1.7,-0.5,-0.1,-1.3500000000000005,3.5,6.2819212962962965,-2.5,14.7,12.912500000000001,-1.7654985754985755,2.8833333333333333,1.7,1.9,2.4,-0.7,0.1,7.075555555555555,-0.7,3.3,0.5296296296296301,1.8,-4.0,6.5,-0.1,5.8,-0.3666666666666667,-1.8,2.8,4.1,7.7,4.3,2.3,7.6,4.9,0.9,2.3,12.7,3.9255555555555555,10.0,0.8,0.5999999999999996,-0.3,8.3,3.9,0.6,0.5,1.1296296296296302,-6.6,6.1,7.729629629629629,4.9,2.4,10.8,7.829629629629631,6.197961756222626,8.4,5.026805555555555,2.1,3.8,4.1,6.5,5.7,1.5,6.936059113300492,6.544556650246305,6.5,-8.8,3.3,1.5,1.3,-2.9,12.8,7.111501976284584,5.9,9.5,3.7,2.8,1.9125,-2.5,1.7,-4.6,6.7,8.899999999999999,2.2333333333333334,4.0,0.5,5.3,5.2,3.5,5.9,6.373749999999999,-2.9,4.8,2.5,8.572727272727272,3.0,3.5,3.9,6.787793939393939,1.5,3.2755555555555556,11.973156497035573
1988,8.8,4.8,11.933333333333334,7.4188943623426375,-1.4,-1.9,3.048648648648648,6.1,5.2,-2.0,11.6,18.6,7.8,4.3,3.7,1.0,11.1,6.0,2.2,3.5,5.3,4.7,10.9,3.4,15.1,2.9,7.17037037037037,23.4,0.3,1.1,2.4,5.8,5.0,6.0,9.6,-7.9,4.4,0.4,1.7,0.1,7.5,7.3,11.2,4.1,5.1,3.4,-0.029629629629629672,8.3,9.468925328490545,1.1,0.5,0.0,1.7511111111111104,7.8,2.2,8.4,1.4,10.5,4.0,1.9,9.3,1.6,4.5,2.7,2.3511111111111105,9.6,7.6,0.6,4.075833333333334,3.9,3.8,0.9833333333333336,3.5,5.2,4.6,3.5,10.1,3.7,6.5,4.3,2.9,3.9,6.3,2.0,-6.0,0.6,1.7,8.5,-0.1,-0.1,9.6,7.0,-6.1,4.168181818181817,3.0,3.6,4.0,-4.0,6.8,2.9,9.7,6.1,9.1,6.818082788671024,-10.0,1.0,-2.1,1.1,9.2,-28.2,7.7,9.751111111111111,7.6,9.899999999999999,8.5,13.848648648648648,3.4,4.7,3.2,9.9,8.7,0.1,6.8,3.4833333333333334,8.90111111111111,6.8,1.3,2.8,3.3,1.1499999999999995,5.1,6.222662037037036,10.4,8.2,14.78888888888889,0.41005698005697955,4.283333333333333,7.7,4.6,0.6,-12.4,6.9,9.251111111111111,3.3,3.9,0.4703703703703703,-0.3,5.2,5.5,2.8,6.4,1.0333333333333337,-13.4,2.9,5.9,-9.4,6.8,3.3,5.3,6.5,4.7,21.9,12.0,6.101111111111111,2.1,-0.5,3.0999999999999996,0.3,10.4,13.9,13.2,2.9,1.0703703703703704,13.1,-0.6,7.67037037037037,5.3,2.1,11.3,7.770370370370371,6.100664458925328,1.3,7.20236111111111,4.2,1.1,8.3,8.4,5.3,2.7,8.706059113300492,8.314556650246306,4.3,10.8,2.5,3.3,12.7,2.0,8.0,9.611501976284584,4.4,13.3,2.3,1.7,3.788888888888889,10.1,-3.5,-3.9,0.1,11.399999999999999,3.6333333333333337,8.3,3.0,-2.6,5.2,4.2,0.5,8.87375,-1.7,6.5,5.1,5.918181818181817,4.2,3.3,4.7,4.133248484848484,9.3,5.451111111111111,14.473156497035575
1989,9.4,3.9,9.0,6.143338806787082,9.8,4.8,3.789189189189188,0.0,5.3,-7.0,9.3,12.1,5.4,4.6,4.1,3.9,8.8,1.0,2.6,3.6,3.0,3.5,15.5,-2.8,6.2,3.8,7.3999999999999995,4.7,3.2,-1.1,-0.5,2.2,1.3,5.7,3.3,-1.8,2.3,1.8,3.8,3.2,2.0,10.6,4.2,3.4,-0.8,5.7,0.19999999999999973,8.1,10.209465869031085,3.0,-1.3,0.6,0.4755555555555553,-0.2,4.4,5.0,0.1,0.3,3.0,1.0,6.3,0.1,3.5,-1.2,1.0755555555555554,7.3,9.4,-0.5,4.461547619047618,3.4,3.6,1.7666666666666668,13.9,5.1,4.5,15.4,7.8,3.9,4.5,3.8,3.8,3.9,4.0,2.9,-4.9,-1.1,2.7,2.3,0.7,0.3,5.9,9.1,6.1,3.95,5.6,1.4,3.3,4.7,4.9,-10.7,7.4,4.6,-3.1,7.047712418300653,25.9,-1.2999999999999998,9.9,1.1,6.9,-42.2,5.5,8.475555555555555,7.2,7.6,9.8,14.589189189189188,4.1,3.8,1.3,9.1,9.3,10.7,7.1,4.266666666666667,7.625555555555556,4.5,4.1,4.3,4.3,-1.1500000000000004,4.2,6.452291666666666,2.4,6.5,15.311111111111112,-0.8654985754985756,5.066666666666666,4.3,4.5,0.4,-1.7,1.0,7.975555555555555,4.1,3.6,0.6999999999999997,1.0,3.0,4.6,4.0,4.8,1.8166666666666669,1.6,-1.4,5.8,-13.4,6.2,3.8,6.6,4.9,5.3,21.3,7.1,4.825555555555556,0.3,-5.8,0.7999999999999998,-5.7,6.0,9.0,3.3,5.8,1.2999999999999998,-0.5,4.0,7.8999999999999995,10.3,5.0,10.2,8.0,6.841204999465868,4.3,5.926805555555555,2.4,-0.1,5.5,9.1,5.0,2.3,7.276059113300493,6.8845566502463065,1.4,2.3,2.7,4.4,-6.1,3.1,8.7,7.3115019762845845,3.8,12.2,2.3,4.3,4.311111111111112,4.1,1.1,-0.8,2.6,9.1,4.416666666666667,6.4,0.7000000000000002,15.7,2.2,3.7,1.1,6.5737499999999995,1.5,-13.9,7.8,5.7,3.7,2.8,3.8,3.915066666666667,-3.7,4.1755555555555555,12.173156497035574
1990,8.7,3.1,10.633333333333335,5.432227695675971,-10.0,0.8,1.5216216216216214,-3.5,3.0,-1.3,4.0,4.0,5.6,1.5,1.3,4.3,3.5,3.5,5.9,-3.3,-2.3,3.1,11.2,9.0,9.1,4.6,5.3,8.8,-4.2,1.1,-9.1,-0.6,3.5,0.7,1.1,-6.2,0.2,1.6,1.4,1.8,3.2,3.7,3.9,4.3,7.4,3.6,-1.9,7.4,7.941898301463517,-1.1,-6.6,1.5,-0.23555555555555552,5.4,-5.5,5.0,-6.4,3.0,2.3,4.8,5.9,-0.4,4.1,2.5,0.36444444444444457,2.0,9.9,2.6,3.3544047619047617,2.4,2.7,2.3833333333333337,5.8,0.2,2.9,5.1,2.5,5.7,3.6,0.0,4.2,3.1,4.3,4.6,-3.0,-0.4,2.8,3.8,-3.5,1.2,5.5,9.0,13.6,6.368181818181818,7.7,6.6,2.0,4.9,4.9,-1.6,2.1000000000000005,4.1,-1.3,4.947712418300654,-26.2,-6.6,6.7,0.6,1.6,-13.4,5.2,7.764444444444445,3.7,2.3,5.3,12.32162162162162,3.1,2.8,5.7,9.0,-4.0,9.3,4.7,4.883333333333334,6.914444444444445,7.2,5.2,12.1,8.7,-6.45,-2.5,4.352291666666666,4.0,1.0,14.155555555555557,-1.5766096866096864,5.683333333333334,4.6,4.2,0.0,-0.1,-1.3,7.264444444444445,2.5,2.1,-1.4,1.9,8.4,4.3,0.5,4.6,2.4333333333333336,8.1,-3.1,4.1,-5.1,3.0,-7.2,7.9,3.8,-14.6,1.0,9.9,4.114444444444445,9.3,-5.6,-4.5,0.4,5.5,9.9,4.8,-6.4,-0.7999999999999998,15.2,-0.7,5.8,7.5,1.6,9.8,5.9,4.573637431898302,2.2,5.215694444444445,-0.3,-1.3,5.3,8.4,3.8,6.2,6.528559113300492,6.137056650246306,0.8,-1.5,0.8,3.7,10.4,-2.2,5.5,2.0115019762845847,7.0,11.6,1.1,5.7,3.1555555555555563,5.9,4.7,1.5,7.1,3.8,5.033333333333333,6.5,-4.6,23.6,0.6,1.9,0.3,1.2737499999999997,11.7,6.5,5.0,8.118181818181817,3.2,1.4,3.4,6.333248484848485,-0.6,3.4644444444444447,6.873156497035573
1991,7.5,1.6,9.916666666666668,2.3,-28.0,-1.2,-0.27567567567567597,12.1,2.2,10.5,-4.8999999999999995,8.0,4.9,-1.0,-1.0,3.4,-5.3999999999999995,2.3,3.3,-3.9,-1.2,1.8,11.5,4.2,4.9,5.3,1.1733333333333333,6.2,1.0,3.1,-10.8,9.1,5.8,1.4,7.6,-3.8,-2.1,0.6,-0.8,2.2,10.4,7.8,9.0,2.4,-6.2,2.3,-6.026666666666666,0.7,6.144601004166221,0.0,-8.4,1.4,-4.5,1.3,0.9,5.8,-10.2,5.1,2.1,1.5,6.1,-5.7,4.5,-1.2,-0.35306122448979593,-6.8999999999999995,1.8,-7.2,1.6329761904761897,1.0,1.4,2.716666666666667,-2.7,-5.9,1.1,6.1,-21.1,5.0,4.8,3.1,1.4,3.0,2.5,7.3,6.0,1.3,-3.3,5.7,-11.9,-0.2,1.1,8.9,12.7,8.191666666666666,1.6,4.6,1.4,0.8,3.4,-5.7,-6.799999999999999,1.3,0.1,0.8210457516339873,-41.0,-15.5,4.0,3.8,-7.299999999999999,38.2,4.8,7.046938775510204,18.3,-6.6,8.6,10.524324324324324,-6.3,1.2,8.7,9.5,6.9,7.7,5.9,5.216666666666667,0.0,4.4,4.2,10.5,8.5,-17.5,-9.2,0.22562499999999996,7.2,6.6,13.855555555555556,5.3,6.016666666666667,6.4,2.5,-1.3,-0.2,-0.4,-0.6,4.8,0.2,-5.526666666666666,3.1,6.0,3.7,5.0,5.1,2.7666666666666666,9.4,9.6,3.5,2.2,-0.4,-7.0,3.4,2.3,-1.5,3.4,10.8,3.396938775510204,0.9,-12.9,-5.0,-4.3,2.3,0.4,2.2,-2.4,-4.926666666666666,15.0,2.6,1.6733333333333333,2.8,-8.0,6.7,1.7733333333333339,2.776340134601004,6.0,4.498188775510204,-1.0,3.9,2.4,7.3,2.5,10.8,0.2,0.5,7.0,-13.8,-1.1,-0.9,10.7,1.2,8.4,-6.888498023715415,2.1,8.4,-4.2,2.2,2.8555555555555556,-0.6,5.9,3.1,4.1,-5.1,5.366666666666666,1.8,-13.5,2.1,-1.7,-0.1,3.5,-7.62625,3.1,9.7,5.8,9.941666666666666,1.9,1.0,2.7,6.3,-0.7,2.746938775510204,-3.8643435029644264
1992,6.6,2.2,8.183333333333334,0.1,-7.2,1.6,3.81081081081081,11.4,1.2,10.3,-13.649999999999999,5.9,5.5,2.6,2.3,2.1,-14.149999999999999,7.1,5.0,-5.7,-9.6,1.5,12.0,3.0,2.1,1.6,0.7903225806451606,-0.2,-0.5,4.8,-8.4,0.2,1.0,3.0,7.1,-3.1,0.9,2.5,-4.9,7.3,2.4,11.2,14.3,4.4,7.4,9.2,-6.409677419354839,9.4,10.231087490652707,-0.3,-10.5,2.0,0.6,2.0,11.2,5.7,-11.3,3.6,0.3,7.0,8.9,-8.7,2.5,33.0,-0.9183673469387759,-15.649999999999999,3.2,-8.9,1.4,-1.9,1.0,4.499999999999999,6.1,-3.3,1.5,-3.1,-44.9,1.9,4.5,0.7,-0.8,4.6,3.3,3.1,7.8,-2.3,6.1,6.2,-3.1,-3.4,5.5,6.5,3.3,18.149999999999995,3.6,7.2,0.7,2.8,0.8,16.9,-15.549999999999999,-1.1,1.3,0.43803499894581455,82.8,-24.25,7.0,3.3,-16.05,4.5,6.2,6.481632653061225,-4.5,-15.35,1.8,14.61081081081081,1.2,2.1,-7.3,8.9,6.5,-1.6,8.1,6.999999999999999,1.8,6.5,3.5,7.4,4.9,-29.7,-9.3,-0.1573857526881728,-2.1,-6.1,14.477777777777778,9.3,7.799999999999999,4.1,1.6,0.7,0.4,2.0,2.2,0.0,3.3,-5.909677419354839,3.6,8.5,4.0,10.6,7.6,4.549999999999999,8.2,13.8,1.7,-0.5,0.4,2.0,3.1,4.6,10.4,4.2,6.2,2.8316326530612246,6.0,-8.8,-14.5,6.6,3.1,8.0,7.1,4.1,-5.3096774193548395,4.0,1.2,1.2903225806451606,7.2,-9.6,6.6,1.3903225806451611,6.86282662108749,12.7,3.932882653061224,-2.1,3.0,5.5,6.7,0.9,-3.1,0.0,0.3,5.5,3.9,-0.9,-0.1,13.2,0.7,8.3,-15.638498023715414,0.6,9.2,-3.8,1.8,3.4777777777777783,-3.2,-3.8,10.1,8.0,-13.85,7.1499999999999995,5.9,-9.9,3.1,0.0,3.5,7.9,-11.1,2.6,6.1,8.7,19.899999999999995,1.2,3.3,2.3,8.2,2.1,2.1816326530612242,-13.836062252964421
1993,7.9,1.3,8.983333333333334,0.9,9.6,-2.1,1.2179487179487176,11.0,5.3,6.3,-14.1,7.3,5.2,3.9,4.1,0.5,-23.1,7.6,4.6,0.8,-7.6,-1.0,6.3,5.8,3.2,4.3,0.8815789473684212,4.0,4.7,0.3,-11.6,3.5,-6.2,7.3,4.0,-3.2,2.7,0.0,-1.2,5.4,-2.1,6.6,13.9,5.7,2.5,7.1,-8.0,0.7,7.638225397790614,-0.2,-13.5,0.0,-6.8,2.2,7.4,5.2,-6.8,2.0,2.9,5.8,9.0,-4.4,3.0,10.5,12.9,-7.458333333333333,3.1,13.4,-0.8,-1.8,-0.6,2.6333333333333337,2.6,-0.7,-0.7,3.9,-29.3,-1.0,4.8,-1.6,-2.0,3.4,5.0,2.3,8.2,-4.9,6.5,6.2,-0.6,1.3,4.8,8.0,-1.5,8.473076923076924,2.3,3.8,-0.8,2.2,-0.5,4.4,-9.2,-0.1,1.0,0.5292913656690752,35.1,-13.0,5.9,4.0,-11.4,7.0,3.8,6.698000000000001,-5.5,-7.158333333333333,4.2,12.017948717948716,2.1,1.1,9.7,9.9,5.4,3.6,3.9,5.133333333333334,5.9,5.1,2.7,1.6,0.2,-1.2,-3.2,-0.06612938596491214,-0.7,10.6,14.411111111111111,-1.6,5.933333333333334,3.8,1.3,5.2,-0.4,0.3,1.6,-0.3,2.8,-7.5,2.8,6.1,4.2,9.1,2.1,2.6833333333333336,5.5,13.3,4.9,5.2,2.2,4.3,-0.7,4.6,-0.9,1.3,6.9,3.0480000000000005,8.0,1.5,-8.7,-10.4,5.4,0.6,3.6,1.7,-5.218421052631578,-1.4,1.3,1.3815789473684212,7.3,0.1,11.5,1.4815789473684218,2.8,4.0,4.14925,1.2,4.5,4.3,7.8,-1.3,7.5,1.6,1.7,2.8,-2.2,-1.8,-0.1,7.4,1.1,6.8,-11.1,1.2,8.7,0.3,3.8,3.411111111111111,-16.3,-0.1,-0.7,2.5,-10.0,5.283333333333333,6.7,-14.2,0.0,2.1,2.8,2.7,-2.3,0.7,0.3,8.1,10.223076923076924,-0.2,3.1,2.0,4.0,-0.1,2.3980000000000006,2.1
1994,7.7,3.3,10.25,2.5,9.4,-0.9,2.748780487804878,10.5,6.7,5.8,5.4,8.2,5.5,4.8,4.9,2.4,-19.7,3.2,4.1,2.0,-11.7,3.2,0.2,2.0,2.2,4.7,3.3274999999999997,-0.8,5.3,3.1,-3.7,1.3,-3.8,6.9,8.2,-2.5,4.5,-0.5,12.6,3.4,5.5,5.0,13.0,5.1,-4.0,4.5,5.9,5.9,9.169057167646773,0.2,-6.1,5.3,-1.4,0.0,2.6,6.2,-8.3,4.3,4.2,4.7,9.3,-8.4,3.1,16.8,20.9,-1.6,2.4,3.5,2.5,0.2,2.7,5.15,5.1,4.0,2.4,3.7,-10.4,2.4,3.5,2.0,1.8,3.5,4.0,3.0,8.5,-11.6,0.2,6.0,2.9,3.6,6.7,7.5,-1.7,8.773076923076923,5.9,7.0,2.1,1.9,0.9,5.0,-12.6,2.5,1.8,2.9752124183006536,8.6,-19.8,8.2,4.7,2.2,8.0,4.5,6.502000000000001,3.2,-9.553846153846154,3.8,13.548780487804876,0.0,3.0,-10.3,9.2,7.5,3.8,4.6,7.65,-3.1,4.1,4.9,1.9,1.4,-30.9,2.1,2.3797916666666663,10.6,6.5,15.511111111111111,3.0,8.450000000000001,8.2,3.0,5.6,5.0,1.9,0.3,3.4,4.2,-1.8,5.1,3.8,6.2,8.6,4.4,5.2,2.8,10.5,5.3,12.3,4.4,5.2,1.5,4.2,1.9,-1.4,9.3,2.8520000000000003,-5.5,3.9,-12.7,-41.9,5.4,1.6,-1.2,6.4,-2.7725,0.6,-0.2,3.8274999999999997,-2.4,3.5,11.1,6.2,5.3,8.1,3.9532499999999997,3.2,4.9,6.2,7.7,2.3,8.0,1.8,1.9,3.5,-7.0,3.9,1.3,5.5,2.2,7.5,-21.4,1.6,8.0,3.1,-3.4,4.511111111111111,13.9,2.0,3.6,3.6,-17.3,7.800000000000001,7.7,-22.9,7.4,3.5,4.0,7.3,-5.2,9.1,-2.3,8.8,10.523076923076923,2.7,4.3,3.2,6.7,-13.3,2.202,-7.4
1995,7.9,2.9,10.183333333333334,2.6,8.9,3.8,2.1707317073170724,10.4,-4.4,-2.8,8.0,2.5,6.4,3.0,3.2,2.7,-13.0,1.9,4.9,2.0,-11.1,2.4,0.6,6.0,6.0,4.7,20.7,8.5,4.4,4.5,-1.6,5.7,-7.9,7.5,6.0,3.3,2.7,5.0,3.2,4.7,-0.8,8.9,11.0,5.2,5.6,4.2,6.6,9.9,8.591008387158968,5.6,2.8,3.0,-3.5,3.0,5.7,6.4,-1.6,2.3,4.5,4.7,8.9,-0.3,4.0,26.5,2.3,2.2,4.8,6.1,2.9,1.6,2.8,2.0666666666666673,2.6,4.2,2.3,5.0,2.6,1.5,4.2,2.1,2.2,4.4,4.7,4.0,5.1,9.9,6.2,2.4,2.5,0.1,7.6,8.2,2.4,8.792857142857143,9.6,9.7,2.7,2.5,2.6,6.0,-8.2,4.3,-0.1,5.850151442690898,1.7,-5.4,7.0,1.3,-2.1,6.5,2.8,9.25,-15.4,-1.03846153846154,1.4,12.970731707317071,1.7,2.5,13.8,9.8,7.4,3.0,6.9,4.566666666666667,9.8,4.3,-6.3,2.7,1.7,-1.4,6.4,5.25473069105691,-5.4,2.3,15.111111111111112,4.1,5.366666666666667,3.5,2.8,4.9,5.9,2.5,1.9,0.3,1.8,-1.1,4.2,4.8,5.3,-0.6,5.1,2.116666666666667,1.8,-3.4,6.8,7.4,4.6,6.7,2.3,4.5,0.4,4.0,9.6,5.6,7.2,7.1,-4.1,24.5,3.5,1.7,6.8,6.6,0.102439024390244,0.2,6.1,6.702439024390244,0.5,-10.0,7.2,7.9,4.1,10.1,6.701249999999999,3.1,3.7,6.9,8.0,4.1,6.1,3.9,4.2,8.9,11.3,3.9,0.6,5.4,2.0,6.5,-12.5,3.6,8.1,4.4,3.3,4.1111111111111125,19.7,7.9,3.8,2.7,-7.2,4.716666666666667,9.2,-12.2,6.6,2.1,2.7,-1.4,-0.9,1.0,4.0,9.5,7.1,2.5,2.3,3.3,5.7,2.9,4.949999999999999,3.6
1996,7.4,3.0,11.683333333333334,5.0,9.1,3.8,1.92093023255814,11.2,6.6,5.5,5.2,1.3,6.5,4.0,4.0,2.4,2.5,3.2,4.6,4.0,2.8,1.3,1.1,4.3,6.0,4.4,62.2,2.5,2.2,2.9,-8.0,11.0,-8.0,6.7,5.9,4.9,1.6,4.2,-6.2,3.8,2.1,5.0,9.9,2.1,-0.5,1.4,5.9,1.2,4.5,8.1,-1.9,2.9,-3.7,3.1,6.0,6.2,-0.6,1.7,4.9,0.8,8.4,0.3,5.1,52.7,9.1,4.9,3.8,13.5,1.6,1.2,2.0,-3.1,4.8,3.7,1.4,3.6,10.5,0.8,4.8,2.9,4.4,2.8,4.5,3.7,8.0,4.1,1.9,4.3,0.1,4.6,7.5,7.8,6.4,7.692857142857143,9.1,5.9,1.3,0.2,3.1,1.9,0.5,4.5,1.1,7.466317069463445,0.6,7.1,6.9,3.8,2.6,4.0,4.9,9.694,1.8,5.2,1.5,12.720930232558139,2.2,2.7,10.0,10.0,9.1,7.3,4.0,3.4642857142857144,5.8,5.6,6.8,4.2,4.5,-5.9,2.2,6.870896317829457,12.4,11.2,14.777777777777779,3.2,4.264285714285714,5.3,3.5,4.1,6.3,0.1,4.1,5.2,3.9,1.2,5.0,2.9,4.9,5.7,6.6,1.0142857142857142,7.4,6.6,1.6,2.8,5.9,6.2,3.5,2.3,4.2,3.5,7.9,6.0440000000000005,7.0,3.9,-3.6,11.6,5.9,2.9,1.1,7.3,1.7186046511627913,2.6,1.9,8.31860465116279,10.0,-24.8,7.5,6.9,3.6,1.6,7.14525,4.3,2.6,7.3,7.5,2.4,12.2,4.8,4.8,5.5,11.2,1.6,0.5,3.0,1.5,6.2,-4.4,4.5,5.7,4.2,2.9,3.777777777777778,-3.9,0.1,7.1,6.9,-6.7,3.614285714285714,6.6,-10.0,5.3,1.9,3.8,5.6,1.7,2.3,-0.2,9.3,1.2,1.7,3.6,3.9,4.6,6.2,5.394,5.5
1997,3.8,3.5,9.866666666666667,3.2,-10.9,1.1,3.6999999999999997,7.3,5.5,8.1,3.4,7.0,4.7,4.6,4.3,2.1,8.9,2.3,4.5,4.7,11.4,3.8,3.6,5.7,5.5,5.0,22.9,7.1,3.4,-1.5,-14.1,6.3,0.4,7.6,4.0,5.3,4.3,3.6,4.1,5.6,5.7,7.4,9.2,3.4,4.4,5.5,6.6,2.6,-0.5,5.7,-7.8,3.3,-1.2,2.2,8.9,5.0,1.6,4.3,5.9,3.1,6.1,2.7,4.7,148.0,7.9,13.0,3.1,2.8,2.6,2.7,2.6,-6.1,-2.4,6.3,2.3,5.7,10.5,1.8,5.8,4.5,4.9,4.1,5.2,6.0,6.2,2.7,4.6,5.1,3.1,5.8,4.0,4.7,1.4,10.457142857142857,10.7,3.8,1.8,-1.6,1.0,3.7,1.7,0.4,2.0,7.53608451132391,2.5,9.9,6.9,5.3,8.8,10.2,3.5,11.244,-2.6,8.3,5.9,14.5,3.7,3.2,6.6,7.3,10.4,4.8,4.8,0.2071428571428573,-4.0,5.7,6.8,3.2,3.0,1.6,3.9,6.940663759689922,-1.6,11.3,12.37777777777778,4.2,1.0071428571428573,5.3,4.3,2.5,4.0,1.5,2.9,2.6,4.7,1.4,5.3,6.2,4.7,-4.4,1.7,-2.242857142857143,6.5,-6.3,4.2,6.5,5.2,7.1,4.4,4.9,27.7,-1.0,6.2,7.594,7.5,-6.1,1.4,14.9,7.3,-0.7,3.7,0.8,1.7883720930232565,1.1,2.7,8.388372093023257,12.2,-17.6,8.3,4.4,5.0,-0.9,8.69525,2.6,4.8,4.0,4.1,3.9,10.3,3.5,3.6,6.1,7.0,3.1,2.2,-1.1,1.0,6.1,1.7,3.5,-2.8,4.9,1.4,1.3777777777777787,3.8,-0.6,7.5,5.7,-11.3,0.3571428571428572,4.6,-3.0,8.6,4.5,4.4,5.0,5.2,4.9,6.4,8.2,14.7,3.0,4.7,4.0,5.2,3.8,6.944,6.5
1998,-8.8,2.8,8.35,4.0,8.8,5.1,1.9113636363636362,4.7,4.7,3.9,6.3,2.0,1.4,4.6,4.1,3.6,6.0,4.8,5.2,3.7,8.4,2.0,3.9,4.0,6.0,5.0,13.8,-1.6,0.3,-0.6,3.8,7.3,4.8,8.4,4.7,4.9,3.9,3.1,3.3,5.4,7.0,4.2,7.9,0.6,0.0,7.2,1.9,6.1,-0.4,4.9,-3.9,2.2,0.1,3.8,6.7,2.3,-1.3,3.3,7.5,2.7,2.8,-0.8,2.3,24.8,2.0,4.3,2.6,-4.2,3.0,2.1,3.0,2.7,1.3,5.5,3.6,3.5,3.1,2.0,5.0,3.9,11.8,4.6,3.6,-22.4,-1.7,2.2,3.6,-5.9,3.9,7.4,6.2,-13.1,2.1,9.099999999999998,8.8,4.1,1.8,-1.2,-1.3,3.2,-1.9,3.0,6.9,7.136601307189543,3.7,2.1,4.3,2.5,6.3,3.9,1.4,8.39,-0.7,7.5,6.5,12.711363636363636,3.9,2.9,1.1,-7.4,9.8,2.9,3.4,-0.7,2.8,6.1,5.2,2.9,3.6,-6.5,3.3,6.541180555555556,7.2,9.9,6.055555555555556,3.3,4.8125,2.9,4.7,0.4,3.7,10.0,2.5,5.7,4.5,3.4,2.7,2.7,1.0,3.4,3.5,1.5625000000000004,7.3,4.7,0.1,-0.4,-0.5,5.0,4.8,6.5,10.3,8.9,-5.1,4.74,3.1,-4.8,-5.3,8.3,1.0,6.3,4.5,1.1,7.5,2.9,6.0,2.4,2.5,-0.8,-2.2,4.1,3.3,1.3,5.84125,0.5,1.2,5.4,-7.5,4.5,-1.6,2.4,2.8,8.2,2.2,4.3,2.9,5.6,2.5,4.2,5.3,3.7,-7.6,4.7,6.5,-4.944444444444445,-2.3,2.3,8.1,5.0,6.7,4.1625000000000005,6.1,-1.9,0.8,3.2,4.5,4.5,4.3,1.2,0.3,5.8,14.3,3.1,3.9,2.6,6.0,-0.4,4.09,2.8
1999,3.0,3.6,9.966666666666667,3.1,12.9,3.2,2.118181818181818,2.2,3.7,-3.4,3.2,1.4,4.5,4.4,4.4,3.6,11.4,6.0,4.7,0.3,3.4,3.5,9.0,4.4,7.1,0.4,10.7,8.0,0.5,3.1,-8.4,7.3,1.2,11.9,12.7,4.1,5.2,3.8,2.9,4.1,-0.7,-0.3,7.7,-4.2,2.7,4.2,-0.9,5.0,1.4,1.6,-3.8,2.9,2.9,0.4,5.9,4.5,3.7,-4.7,6.1,2.2,6.5,2.6,3.5,26.4,0.2,-0.4,3.0,6.3,2.9,3.1,2.9,1.5,8.7,4.4,3.3,-8.9,2.9,1.9,4.5,3.1,7.0,3.7,3.8,16.8,3.0,2.7,-0.7,2.5,3.1,4.0,8.5,0.8,2.0,24.8,10.5,3.3,1.6,1.0,-0.3,3.2,2.7,2.2,-1.8,6.412156862745098,-1.8,3.7,4.0,0.2,2.8,-0.8,1.6,8.46078431372549,-0.2,-1.1,8.4,12.918181818181818,4.7,3.2,3.5,6.1,7.2,6.2,3.8,-1.1,3.7,2.6,2.8,1.1,2.3,-3.4,3.1,5.81673611111111,1.1,11.7,8.4,3.4,3.7625,4.5,5.0,4.5,7.0,-0.2,0.5,4.0,4.6,4.3,2.1,0.3,5.5,3.7,4.2,0.5125000000000001,3.9,1.9,-1.4,1.5,3.3,4.5,3.9,4.4,3.8,-3.7,11.5,4.81078431372549,-3.3,-1.2,6.4,3.3,3.9,2.7,2.1,-0.6,9.0,-3.8,6.0,-12.1,1.9,-8.1,5.7,-0.1,5.3,-0.5,5.91203431372549,2.4,-1.3,7.4,3.3,4.7,2.9,2.4,2.5,4.2,-0.9,4.2,1.6,-3.1,2.5,6.7,3.7,4.8,4.6,7.1,6.4,2.2499999999999996,2.5,2.3,8.0,6.0,16.5,3.1125,8.0,-0.2,3.8,3.0,4.8,-1.9,4.3,0.3,-6.0,4.8,8.3,3.0,3.5,3.5,3.8,4.7,-1.1,-1.0
2000,5.6,4.1,10.416666666666666,4.3,6.9,3.8,3.568181818181818,3.1,6.2,-0.8,5.9,7.7,5.6,3.1,3.2,3.4,6.2,7.0,5.3,4.5,5.8,3.7,13.0,5.9,6.9,2.5,4.4,4.3,4.4,2.9,4.6,1.9,1.8,7.3,9.6,3.4,5.2,3.2,-3.6,3.6,-0.9,5.0,8.5,2.9,-1.0,3.9,3.7,6.0,4.0,-2.1,-8.1,3.7,0.7,2.3,4.7,6.1,7.2,1.1,5.4,1.1,6.5,7.5,5.7,110.5,-12.4,10.1,1.8,9.8,3.8,4.6,3.9,4.9,-1.7,5.8,4.1,-1.9,1.8,2.9,3.6,3.9,5.1,2.5,2.5,1.1,-1.3,0.9,7.3,7.7,4.5,5.0,4.0,5.0,5.8,-4.3,9.4,8.7,3.8,0.8,2.8,4.2,9.8,0.3,6.0,8.272156862745097,4.7,5.4,6.4,3.7,5.7,1.1,4.9,9.290196078431375,4.0,3.7,8.4,14.368181818181817,4.5,3.8,0.8,8.7,4.8,-0.1,-1.0,1.5,-3.9,8.2,4.9,6.1,5.5,2.1,1.1,7.67673611111111,1.9,1.2,12.4,3.5,2.8,6.1,4.2,4.2,4.1,-1.2,5.5,4.3,4.2,4.5,3.3,6.2,5.9,-2.1,3.9,-0.4500000000000002,2.7,-2.5,-2.3,2.7,4.4,4.3,3.8,3.3,6.9,11.8,9.1,5.640196078431374,6.9,2.9,10.0,8.4,9.7,0.0,1.8,5.1,2.2,5.6,3.9,7.8,4.3,3.8,9.0,1.2,3.7,-14.3,6.741446078431373,4.2,3.2,4.2,5.8,5.1,8.4,4.0,4.2,8.4,-0.1,4.8,4.1,2.3,0.4,6.3,8.3,4.9,4.5,4.1,5.5,3.8700000000000006,-1.0,3.8,6.9,4.3,18.6,2.15,3.9,5.9,12.3,4.1,4.1,-1.9,3.8,5.9,3.7,6.8,-8.6,3.9,4.0,4.8,6.2,3.9,-4.2,7.2
2001,2.7,1.5,8.433333333333334,4.5,8.3,3.0,8.1,4.2,-4.5,-4.4,9.5,4.2,3.7,2.7,2.6,1.3,6.5,2.5,5.1,-2.4,4.7,1.1,5.0,5.3,7.0,1.7,2.4,2.3,1.4,2.7,3.8,6.6,1.7,6.1,8.6,3.4,1.8,1.7,2.6,2.2,11.7,3.2,8.3,1.7,5.4,3.5,3.1,4.0,3.0,0.1,-2.1,0.8,1.8,-0.1,2.5,4.2,4.5,4.0,3.5,0.9,6.0,2.7,3.6,60.0,8.8,6.0,1.1,7.4,2.2,2.7,2.3,2.1,1.9,2.6,1.9,2.1,4.8,1.7,3.8,4.1,-2.0,2.4,3.7,4.8,2.3,-0.3,2.7,0.6,4.1,4.0,4.9,3.6,2.4,-6.6,5.3,0.3,2.0,1.3,0.4,5.0,13.5,4.0,-1.4,4.6,0.2,5.3,4.8,0.6,6.3,3.9,3.3,2.8,2.6,6.5,3.1,12.01111111111111,6.0,1.2,-4.1,0.5,3.5,15.4,-1.2,6.7,-0.8,3.2,-0.4,0.8,2.5,6.1,4.6,1.1,7.3,12.1,12.5,2.4,3.0,5.6,2.3,2.5,3.0,7.3,6.7,3.8,0.9,-3.1,2.1,4.6,2.2,0.4,2.0,6.5,0.6,-0.1,-0.8,0.6,3.0,1.2,1.9,9.5,4.5,-4.8,4.9,6.63846153846154,-5.8,5.1,5.1,8.5,5.3,-3.4,1.6,7.4,5.5,-1.2,4.3,5.0,-2.3,18.2,-1.1,3.3,3.2,-8.0,7.739711538461539,2.7,0.9,4.3,3.3,3.9,-1.9,4.6,5.0,10.9,4.9,1.4,1.6,3.7,2.4,-1.4,10.2,6.0,3.4,2.6,5.8,16.3,0.8,1.5,3.7,3.8,20.4,0.7,8.8,8.8,1.3,2.2,1.0,-3.8,4.2,-3.4,3.4,6.9,-9.3,2.1,1.0,2.5,3.8,5.3,-0.5,-0.9
2002,4.8,1.6,8.666666666666668,4.9,4.5,5.6,4.5,13.7,1.0,-10.9,14.8,-0.9,5.0,4.2,4.2,1.7,9.4,3.3,3.8,0.8,5.0,1.7,5.1,4.6,9.5,2.5,5.1,7.4,3.1,3.9,5.9,4.4,2.4,5.3,6.6,4.8,3.0,2.8,2.1,3.4,8.5,3.2,9.1,2.5,4.6,3.4,5.8,3.7,1.6,-1.7,2.9,0.5,3.2,-2.8,4.5,5.3,4.3,4.1,3.2,1.6,6.6,4.8,4.4,19.6,3.0,6.8,4.4,1.6,0.9,1.8,1.3,0.6,3.2,1.7,1.2,0.2,5.5,-0.2,4.6,3.9,3.4,4.2,5.2,3.7,1.1,1.1,3.8,1.7,4.7,0.6,3.9,4.5,8.1,-7.8,5.9,-0.1,0.3,0.7,0.0,6.6,9.8,0.5,4.0,-0.4,3.0,0.0,6.8,0.4,7.1,3.4,1.6,4.4,-3.7,6.8,3.2,8.9,-12.4,1.1,1.8,5.4,6.1,3.1,2.6,3.7,1.4,1.6,0.0,2.3,3.1,7.8,5.3,1.9,3.1,9.3,9.9,6.7,4.470000000000001,0.1,0.2,4.7,0.8,4.9,14.6,3.0,1.6,1.5,1.4,-0.8,3.9,1.0,3.1,5.1,2.2,-0.2,0.0,5.5,3.7,1.4,0.8,2.2,6.9,1.0,7.7,5.325000000000001,6.4,5.7,4.7,13.2,1.4,0.4,4.9,5.7,0.3,-2.8,0.1,7.1,1.2,26.4,3.9,4.5,3.5,-2.8,6.4262500000000005,3.7,0.3,3.8,5.1,2.7,3.7,6.3,6.2,5.9,3.7,2.2,-0.1,5.9,2.4,5.5,9.1,7.2,6.1,2.7,-3.2,-6.7,3.8,4.5,7.2,1.3,15.8,8.3,7.1,5.3,2.5,1.8,1.7,-7.7,4.0,-5.2,-8.9,7.1,-12.5,1.1,1.4,2.9,3.9,4.5,-7.7,7.1
2003,5.5,2.0,8.7,5.5,5.5,7.2,8.7,3.0,6.1,9.0,14.1,1.1,6.1,3.0,3.2,0.9,10.2,6.3,4.7,2.2,7.0,1.0,9.3,3.4,9.3,2.7,3.9,5.4,1.1,2.9,5.2,7.8,2.5,7.5,8.5,5.0,1.8,5.8,-2.2,2.1,14.7,4.7,10.0,3.9,2.0,4.3,5.6,2.6,3.6,-1.4,6.6,0.4,3.2,6.4,-1.3,5.9,6.1,2.7,3.2,1.6,8.3,6.2,6.9,14.5,-2.7,7.6,3.9,-2.1,0.7,2.3,1.1,1.6,0.8,2.0,0.8,1.7,11.1,-0.7,5.1,5.8,9.5,2.6,1.2,-0.3,-0.7,3.5,4.5,3.1,4.1,2.1,7.9,4.8,8.6,81.8,3.0,1.4,0.1,3.7,1.5,4.0,9.3,2.9,2.0,2.6,17.3,7.0,6.2,2.0,8.4,1.7,4.1,-29.0,16.1,10.6,2.6,11.6,9.8,1.9,5.7,5.8,25.4,9.1,4.1,-1.6,6.9,6.0,1.4,12.4,10.2,6.6,7.4,2.5,6.0,6.9,13.2,3.5,3.84,3.9,0.2,4.4,2.5,2.2,9.5,6.3,2.6,2.2,0.9,-2.2,2.8,6.1,4.7,-3.4,4.2,9.0,4.3,4.2,5.1,3.5,-0.9,2.3,4.0,0.5,3.1,4.967307692307693,5.8,2.3,7.3,2.2,-3.9,4.3,6.1,5.2,3.9,11.2,5.6,4.4,-5.9,9.3,4.5,5.5,3.0,6.5,6.068557692307692,2.9,2.1,7.2,5.8,3.0,5.9,4.8,4.9,6.3,6.2,2.3,-0.1,-2.0,6.6,4.2,10.2,6.9,7.2,-1.3,6.9,-2.2,6.7,0.1,13.9,4.7,17.1,-4.4,6.2,9.5,8.8,3.1,2.8,0.8,4.2,4.3,-7.8,7.3,14.0,1.1,2.5,4.3,3.7,6.9,-16.2,6.9
2004,6.1,3.3,0.7,5.9,5.5,4.3,8.1,11.0,5.8,8.9,10.5,7.3,6.9,4.1,4.2,2.7,9.3,7.0,5.2,1.4,11.4,3.6,4.6,4.4,6.9,4.2,6.3,1.4,5.8,0.5,6.5,4.5,3.8,4.9,10.3,6.6,3.1,3.2,-0.1,3.8,33.6,6.7,10.1,5.3,3.1,4.4,4.2,5.0,4.8,1.2,7.7,2.7,2.8,3.1,2.6,6.8,7.2,8.2,4.1,0.9,8.4,7.9,7.9,30.4,1.5,6.8,3.6,11.7,2.3,3.5,2.8,-3.1,5.4,4.0,2.6,1.1,5.8,1.2,5.4,5.1,-0.6,3.0,2.3,1.2,1.6,-1.3,6.2,8.7,5.0,7.8,7.8,5.0,4.3,53.4,6.8,4.8,1.4,1.3,2.2,8.3,9.6,4.6,-1.6,0.6,10.8,7.0,7.2,6.1,8.3,7.5,2.4,4.0,5.8,6.6,4.2,26.6,5.3,2.9,5.4,6.8,6.0,1.6,0.1,-0.3,4.7,4.3,3.9,10.5,8.8,7.4,9.4,4.4,4.8,7.9,15.3,6.6,3.55,4.7,2.0,4.8,5.3,0.4,10.4,4.6,3.8,4.7,4.0,2.0,5.3,2.3,7.5,4.1,7.5,0.6,4.1,5.0,6.6,5.0,1.8,2.0,19.2,-0.2,5.2,6.423076923076923,9.8,10.3,7.2,7.4,4.0,7.3,3.7,3.1,4.6,8.0,4.6,9.0,-2.9,6.6,9.9,5.3,4.4,6.7,7.524326923076923,4.6,7.3,7.5,6.5,3.1,5.4,6.9,6.7,5.1,7.3,4.3,2.6,6.9,3.8,7.0,10.6,7.8,6.3,0.9,7.0,0.4,-1.0,-1.9,7.3,6.2,14.7,-1.9,5.8,11.8,9.6,2.3,3.9,5.0,7.4,4.0,18.3,7.8,21.9,2.3,4.5,5.4,4.0,7.0,-6.3,9.5
2005,5.3,2.8,11.8,5.9,5.5,5.9,5.4,15.0,6.5,8.9,14.1,-0.4,7.3,3.0,3.0,2.2,28.0,6.8,6.5,4.0,9.5,2.3,2.4,1.7,6.7,4.4,4.2,5.0,3.2,0.4,7.1,8.7,4.4,5.8,13.3,1.2,3.2,3.4,2.9,5.6,8.3,5.8,11.4,4.4,5.7,4.0,4.3,4.9,6.6,1.7,9.8,2.3,3.1,0.7,9.4,7.3,5.7,5.3,4.5,2.7,9.3,6.3,7.1,8.2,2.6,9.5,6.0,12.6,1.7,2.9,2.1,2.1,-1.3,2.8,1.7,-0.8,9.6,0.7,6.2,0.6,13.3,3.1,3.0,6.6,-1.9,3.1,6.1,7.4,4.3,6.1,9.3,5.7,3.2,1.7,5.7,4.1,0.8,0.9,1.8,8.8,9.7,5.7,5.0,4.5,10.1,-0.2,6.9,4.4,10.7,0.7,3.1,5.9,10.6,7.7,2.5,8.1,4.8,2.5,3.3,5.0,-13.1,6.5,3.4,2.3,8.6,1.5,2.3,4.7,5.9,7.5,6.5,4.2,3.3,6.6,13.6,4.7,-8.0,3.5,2.0,3.2,4.3,7.3,7.0,5.4,3.3,4.7,2.7,2.8,4.2,2.7,9.0,3.7,7.2,4.3,2.1,6.3,4.9,3.5,0.8,-2.0,7.8,9.2,4.3,6.43846153846154,9.0,4.7,6.4,9.4,9.7,-0.4,2.3,6.6,2.4,5.6,4.3,10.2,9.0,4.5,7.4,6.6,3.8,5.5,7.539711538461539,5.3,5.1,8.9,5.7,3.7,6.2,6.3,6.2,5.6,4.9,2.9,2.8,6.2,7.1,5.4,6.7,7.4,4.2,3.4,-2.4,3.0,-4.7,-0.4,5.9,3.5,13.0,-3.7,10.0,3.1,4.9,2.7,3.5,7.5,7.0,5.3,10.3,7.5,11.3,1.9,3.7,4.9,5.6,7.2,-7.4,9.8
2006,5.7,3.0,5.4,5.5,5.9,1.7,4.8,11.5,12.7,8.0,13.2,1.1,7.7,2.6,2.6,3.5,34.5,6.5,6.7,5.7,10.0,2.6,4.4,3.9,7.1,4.8,5.7,6.0,4.0,4.4,6.8,6.3,5.4,9.1,10.8,3.5,2.6,6.5,4.8,7.0,0.6,6.0,12.7,6.7,-1.8,7.3,4.9,4.7,6.8,1.5,5.1,3.9,4.8,4.7,9.2,8.1,7.5,4.4,6.8,4.3,10.1,7.4,7.9,6.5,-1.0,9.8,6.0,11.5,3.2,4.3,3.7,-0.1,1.9,4.0,2.6,-1.9,9.4,3.8,5.8,5.7,-4.0,5.6,2.5,2.7,5.1,1.8,6.6,7.0,3.9,6.3,9.3,5.5,5.0,5.6,5.0,5.6,1.8,2.9,1.4,8.5,10.7,5.9,0.0,3.6,7.5,3.1,9.0,5.4,12.0,1.5,4.4,8.5,0.3,7.4,6.0,13.4,5.4,2.5,4.7,5.6,26.1,4.7,2.5,-0.2,18.3,4.5,4.5,5.8,6.2,4.8,8.2,8.6,7.6,9.7,13.3,3.9,-8.3,3.4,3.5,2.8,3.8,5.9,6.7,4.6,2.9,5.1,2.5,4.7,4.8,2.4,5.8,0.0,8.5,2.5,4.8,7.5,5.3,6.1,1.6,-1.4,28.1,8.0,5.3,6.33076923076923,6.9,8.0,8.2,9.2,3.2,6.2,6.5,2.1,3.8,2.8,2.3,5.1,9.4,4.2,9.0,8.5,5.7,4.9,7.432019230769229,5.6,5.7,8.5,6.0,4.1,7.7,6.0,6.1,6.5,5.8,4.7,4.2,5.0,9.1,5.8,7.0,4.7,5.0,2.5,-0.6,-4.1,2.7,-2.2,14.2,5.2,11.0,1.3,7.0,7.6,9.8,2.2,2.8,4.1,7.5,8.5,9.9,7.0,-1.0,3.1,3.5,5.4,3.2,7.9,-3.6,9.0
2007,6.4,2.7,13.3,6.1,6.0,3.4,1.6,14.0,9.3,9.0,13.7,3.1,8.6,4.4,4.3,3.7,25.5,8.3,7.1,2.2,8.6,3.7,3.3,6.0,12.9,4.6,6.0,5.8,6.1,0.2,6.7,4.1,3.5,9.2,10.2,4.1,2.1,3.7,4.0,7.0,3.3,5.2,14.2,6.7,0.8,8.2,5.0,5.1,5.6,1.8,8.5,0.9,5.0,6.4,7.4,9.4,7.7,2.2,7.1,1.9,11.2,7.2,8.4,15.3,1.4,7.6,4.4,11.8,3.0,4.2,3.4,-1.9,-0.9,5.3,2.4,6.3,12.6,3.0,4.1,3.3,6.1,6.0,6.5,2.6,7.0,4.7,6.2,6.5,0.3,8.5,9.8,6.3,8.2,1.9,5.3,6.0,1.5,1.4,1.5,8.4,8.9,6.9,2.0,8.3,6.0,8.5,7.9,5.6,9.9,9.3,5.0,13.1,6.2,11.1,8.1,14.5,5.7,2.1,9.6,6.3,7.7,3.5,4.8,3.4,-2.0,5.7,2.3,5.2,5.9,3.0,8.8,6.8,3.5,7.7,12.5,3.6,-6.8,3.4,3.8,3.5,5.1,3.1,7.3,5.5,2.0,6.5,2.9,5.0,5.2,4.8,5.5,0.9,12.1,7.8,5.4,8.5,6.5,7.1,2.5,-1.2,18.2,-6.6,5.8,6.511538461538462,5.0,7.2,8.5,7.7,0.6,1.9,3.1,0.5,7.1,1.8,2.8,6.4,10.4,8.1,9.0,10.8,7.0,4.4,7.612788461538462,5.4,6.8,8.9,6.6,3.6,6.8,6.6,6.5,5.7,5.1,3.4,3.9,5.7,3.3,6.9,7.8,8.5,5.4,1.4,3.0,10.3,-1.2,-2.5,4.3,6.7,11.1,6.9,8.1,8.2,3.2,2.6,2.0,6.5,9.5,2.9,8.8,7.1,3.8,2.8,3.1,5.6,3.3,8.4,-3.4,7.6
2008,5.1,0.3,3.9,5.2,7.5,2.4,-5.6,11.2,0.0,4.1,6.9,1.8,5.0,2.5,2.2,1.5,10.6,6.2,6.0,0.7,10.2,0.4,-1.5,4.9,11.0,6.1,5.6,3.3,5.1,-1.9,6.1,5.8,4.9,6.7,6.7,2.9,1.0,1.8,2.6,4.4,3.1,3.8,9.6,3.3,4.0,4.7,2.0,3.6,2.7,2.5,7.4,-0.5,5.8,7.1,3.2,5.6,4.8,6.4,7.2,2.1,7.3,4.3,5.7,17.8,-19.4,-5.1,0.8,11.2,0.4,1.6,0.9,-2.2,1.0,0.8,0.2,1.7,2.4,1.0,9.0,-0.3,0.9,3.7,4.1,4.5,2.0,2.7,4.2,2.1,1.0,2.2,3.9,7.4,0.3,8.2,-4.5,3.3,-1.0,-0.8,-1.2,7.4,3.3,0.2,-2.1,1.8,2.5,7.6,7.8,4.0,-3.2,9.1,3.8,6.1,-0.2,2.6,-0.3,3.4,6.7,0.0,7.6,4.8,9.5,4.8,3.8,-6.4,-0.3,5.4,1.1,4.6,4.9,7.8,7.8,7.2,5.9,7.3,7.6,2.6,63.3,6.1,2.2,-0.3,3.4,7.7,7.2,4.7,0.3,5.5,0.5,9.0,1.8,0.6,5.0,-5.3,9.9,-0.3,6.5,9.1,4.3,4.2,0.3,-1.8,17.5,6.3,3.0,5.592307692307693,0.8,9.4,5.2,11.2,11.2,4.9,0.4,3.6,-0.4,6.2,3.7,5.7,-2.1,5.4,1.9,5.6,3.5,5.8,6.693557692307692,3.2,5.0,4.2,5.2,0.9,6.0,5.7,5.5,3.8,4.1,-0.5,2.7,4.5,8.2,0.8,7.9,5.6,1.7,-2.3,6.3,11.4,4.1,4.8,3.3,4.2,14.7,6.6,10.4,2.2,3.2,-0.2,0.1,7.2,9.0,5.6,5.3,5.7,7.4,0.3,1.4,3.1,3.6,7.8,-16.3,3.0
2009,2.0,-3.4,20.6,3.0,3.4,1.6,-5.3,0.9,-12.0,-5.9,-14.1,-11.7,4.2,1.9,1.6,-3.8,9.4,2.5,5.0,-5.1,0.2,-2.0,-0.4,2.3,5.8,3.4,-0.8,-14.1,-0.1,-1.8,-3.3,3.0,3.8,-1.3,0.1,2.6,-2.9,-1.6,2.8,-0.1,4.1,-1.1,9.4,1.1,3.2,-0.9,-7.2,-2.0,-4.7,3.3,0.6,-4.9,1.6,-1.2,0.9,4.4,-6.1,0.6,4.7,-2.1,7.6,-5.7,2.8,1.3,12.2,-14.6,1.6,10.0,-4.5,-4.8,-4.2,1.0,-1.4,-8.1,-2.8,-2.3,-3.7,-5.7,5.7,-4.3,-6.6,0.6,-1.5,2.4,3.3,5.9,-2.4,-2.5,-6.6,-7.7,8.5,4.7,1.0,3.4,-5.1,0.9,-5.3,-3.4,-5.7,5.0,1.2,3.3,0.8,5.0,-7.1,2.9,7.4,-1.9,-14.3,10.2,0.4,5.2,-4.4,-14.8,-3.2,1.3,-4.0,-3.7,8.3,-1.5,-7.2,4.7,-1.1,2.6,0.1,3.3,-5.3,0.3,1.2,-6.0,-2.1,-5.8,4.2,6.3,4.4,0.3,-6.0,4.5,-3.7,-1.1,-3.3,2.0,8.4,2.8,-2.9,-0.4,-1.9,6.0,-0.9,4.0,0.4,-6.8,1.2,6.8,-0.3,1.1,1.4,2.8,-3.1,-2.0,13.1,11.6,0.8,4.086538461538462,-4.8,-5.6,-7.8,6.2,-3.4,-1.9,-1.2,-0.5,-10.1,-2.1,2.8,-2.7,-1.1,3.2,0.1,-5.5,-7.5,2.6,5.187788461538461,-1.5,-1.0,7.1,2.4,-3.8,3.5,3.6,3.2,-2.8,3.0,-4.3,-2.3,5.9,2.4,-1.6,3.9,5.4,-0.7,-4.2,6.7,10.1,5.5,-5.2,-4.8,3.0,6.1,-5.6,8.1,-15.1,-5.2,-4.5,-2.6,4.2,8.1,3.0,-3.2,5.4,8.6,-4.3,-2.4,-0.1,3.9,9.2,7.4,-1.0
2010,7.6,3.2,8.4,5.9,3.7,3.6,-2.0,4.9,-7.8,10.1,2.2,-2.7,8.3,2.4,2.3,1.8,4.8,4.3,5.6,-2.3,7.8,2.9,1.3,2.1,9.5,4.1,0.8,10.1,7.5,2.6,1.5,8.4,5.1,1.5,6.0,2.9,3.1,0.1,4.6,5.2,13.6,5.9,10.6,4.5,3.8,5.4,-1.2,2.3,2.4,2.0,7.8,1.9,4.1,0.7,8.3,8.7,3.3,3.5,5.1,2.1,9.6,4.4,7.4,-8.9,10.9,2.4,3.8,10.6,2.1,2.5,2.1,2.3,3.0,3.2,1.8,6.3,6.2,4.2,7.8,-5.5,-0.5,2.8,4.2,5.6,4.4,-5.7,3.7,6.8,1.1,-2.8,10.3,6.4,5.8,6.4,1.7,5.7,1.7,-1.4,4.1,2.3,7.3,8.1,-1.1,4.9,-2.4,-0.5,8.0,6.1,-4.5,8.0,5.1,6.4,5.0,1.7,3.8,25.1,0.6,2.9,6.9,7.5,7.3,5.4,5.5,6.8,2.6,4.4,5.1,5.2,5.0,7.1,7.3,2.7,3.8,6.5,5.2,6.0,-0.3,4.8,1.3,1.8,4.4,8.6,11.3,4.5,3.0,3.4,0.8,2.5,6.0,7.7,2.6,-1.7,5.8,10.1,11.1,8.3,7.3,2.9,1.7,-0.4,17.7,9.9,6.8,7.0307692307692315,8.4,-3.9,4.5,7.3,0.0,0.5,-4.3,2.5,-5.8,5.0,3.4,0.7,6.3,5.3,14.5,6.7,1.3,8.6,8.132019230769231,3.0,6.7,9.0,7.4,0.2,8.0,6.9,6.7,3.9,5.2,6.0,3.2,3.4,6.7,10.2,6.5,6.4,7.5,1.5,5.9,9.3,6.1,0.8,3.5,3.5,16.2,-2.5,7.5,4.1,1.6,2.4,2.7,7.8,7.1,1.3,-1.5,6.4,5.8,2.2,3.8,5.4,7.7,10.3,19.7,8.0
2011,4.8,1.7,6.5,2.7,2.5,2.9,0.0,3.5,-2.0,6.0,4.7,3.4,6.4,2.8,2.6,2.9,-1.6,2.0,6.5,-0.7,5.3,1.7,-0.1,3.0,9.9,5.2,0.9,6.8,4.0,3.7,2.1,6.6,4.0,4.0,7.1,3.5,3.1,2.0,4.2,5.1,0.1,6.2,9.6,6.9,4.1,4.4,-0.1,0.4,1.8,-4.9,7.6,1.3,7.3,-0.2,3.1,6.7,4.5,7.9,1.8,3.8,7.9,6.1,6.4,6.5,25.7,7.3,2.2,11.4,1.7,2.4,2.0,3.2,2.7,2.5,2.2,7.1,7.4,3.9,13.9,-10.1,0.8,4.4,5.6,8.1,5.4,5.1,3.8,4.8,1.9,1.8,6.6,6.2,2.6,7.5,0.8,5.6,0.7,1.4,0.0,2.7,7.5,5.1,1.8,6.3,9.6,6.0,8.0,4.6,2.6,0.9,5.1,7.7,-50.3,6.0,1.0,21.6,1.6,1.6,4.9,5.3,8.6,3.2,0.5,-0.6,4.2,4.1,3.7,6.7,4.7,5.8,17.3,3.2,5.2,7.4,5.5,5.1,9.3,3.4,1.5,1.8,6.3,2.4,4.9,-0.6,1.9,2.3,1.1,2.9,3.4,1.9,3.6,4.1,11.3,1.1,4.3,6.3,3.9,5.0,-1.7,-0.4,11.3,2.2,3.7,5.096153846153847,11.2,4.5,5.1,8.0,1.6,4.8,-0.6,3.8,-8.5,11.0,1.3,2.0,5.7,6.3,6.2,2.7,0.9,7.3,6.197403846153846,3.2,4.9,6.3,5.0,-0.8,8.7,5.0,4.5,-3.2,5.8,3.2,1.9,-0.8857142857142861,4.4,3.7,7.4,7.9,0.8,0.6,-8.1,6.0,6.4,6.8,-0.2,-2.0,12.9,7.5,7.7,5.5,6.9,1.1,1.5,5.2,7.5,3.1,4.2,6.4,9.6,1.6,2.6,4.3,-12.7,5.6,14.2,9.4
2012,6.2,1.2,14.0,6.2,1.4,3.4,-5.0,8.5,3.4,-1.0,7.1,-1.0,5.6,3.8,3.6,0.7,2.2,3.7,6.5,-0.4,1.6,0.7,3.9,4.8,6.5,5.1,-0.7,-0.2,1.9,0.9,0.8,6.5,4.4,1.1,7.3,4.5,1.8,2.2,5.1,4.5,8.8,6.2,7.8,3.9,3.2,4.9,-2.3,-3.4,-0.8,10.9,8.7,0.2,4.8,-1.1,2.7,5.8,2.5,5.6,2.2,2.8,7.0,3.2,5.4,8.3,1.9,3.2,5.4,8.7,-0.9,0.4,-0.6,-1.9,1.4,-1.4,0.4,5.3,6.4,0.4,8.4,-7.1,-1.2,3.1,5.9,-1.7,5.0,0.5,4.1,1.7,-1.3,1.1,5.5,6.0,-3.7,13.9,0.0,2.6,-3.0,-0.5,1.4,2.4,5.0,4.6,5.1,1.7,6.6,-0.1,7.8,3.0,7.0,2.6,5.1,8.4,86.8,3.8,1.6,9.2,3.0,1.4,1.9,5.5,2.5,-0.8,4.1,-2.2,4.5,3.5,3.6,3.8,5.1,-0.6,12.3,-2.7,3.0,7.3,6.5,5.1,30.6,4.7,-1.0,2.5,6.5,10.5,4.3,9.9,2.4,-0.5,2.7,8.9,2.2,3.4,3.8,1.9,9.8,4.7,-0.7,6.1,6.9,1.5,-4.1,0.0,4.7,9.9,2.4,-50.3,4.8,1.9,4.0,8.6,-0.5,-0.4,1.1,-3.7,-7.2,5.4,4.0,-0.7,3.8,15.2,4.4,1.3,-2.6,1.4,1.2,2.4,2.7,5.4,6.1,-3.0,8.6,4.8,3.9,-17.0,2.7,-0.6,1.2,-0.6785714285714288,3.1,2.2,7.5,5.1,7.2,3.1,5.2,4.9,6.5,0.8,4.5,4.2,6.1,-2.9,2.3,0.2,4.8,1.4,2.3,3.5,7.1,1.0,5.6,5.5,6.1,-0.4,2.5,3.5,2.4,7.6,16.7,5.1
2013,5.0,1.4,5.7,3.7,1.0,2.8,-3.5,5.0,-0.6,2.4,3.4,6.4,5.8,2.2,2.2,0.0,5.8,5.4,6.0,-1.4,1.0,0.5,4.5,7.2,3.6,6.8,2.4,11.1,3.0,-2.1,-0.6,5.8,4.9,0.8,7.4,5.0,2.3,2.5,-36.4,4.2,5.8,3.3,7.8,5.1,4.5,2.5,-0.4,-6.6,0.0,9.3,9.6,0.9,5.0,-1.0,4.9,6.0,1.3,4.9,3.3,2.2,6.9,2.9,5.0,-4.1,-10.5,1.5,3.9,9.9,-0.2,0.5,-0.1,-3.7,4.7,-0.9,0.7,5.5,3.6,0.4,7.2,-2.5,2.4,3.5,3.9,3.3,3.7,4.3,2.8,3.1,1.8,4.6,6.4,5.6,-1.5,7.6,1.1,4.4,-1.8,0.2,2.0,2.6,5.9,3.8,4.2,5.3,1.2,10.9,8.0,2.9,2.0,3.8,1.8,8.8,-18.0,3.6,3.2,10.8,2.3,1.4,5.2,4.7,7.3,2.3,5.5,3.9,4.2,3.4,1.4,2.9,3.0,9.0,11.6,3.5,4.5,7.0,7.9,5.6,5.0,3.5,-0.1,2.3,4.9,5.3,5.4,1.8,1.8,2.9,1.0,5.2,2.5,3.9,3.7,-1.6,6.9,3.8,8.3,5.9,6.8,0.9,-0.9,-0.3,5.6,-0.7,3.2,27.3,8.5,0.2,1.8,4.7,5.7,-2.2,2.5,0.1,-0.8,2.9,2.4,2.9,6.4,20.7,4.8,0.6,-1.0,5.2,5.7,2.5,3.3,6.0,5.1,-1.4,4.1,4.9,4.8,2.0,2.9,1.2,1.8,-1.557142857142857,4.8,2.5,7.4,6.8,2.7,-2.9,2.9,3.1,6.1,0.3,3.8,2.4,-0.3,3.8,3.9,0.0,5.1,1.8,1.8,4.6,7.3,0.5,1.3,5.6,4.7,0.2,2.2,3.4,4.8,5.1,2.0,7.4
2014,4.5,2.0,2.7,3.8,1.8,3.8,2.5,4.8,3.8,-2.5,3.6,0.0,5.6,2.6,2.7,0.7,2.8,4.4,6.1,-0.1,1.7,1.6,4.1,6.4,4.0,5.5,1.1,5.7,0.5,-2.5,1.0,4.3,4.2,0.6,7.1,5.8,2.9,2.0,0.1,4.8,6.9,1.8,7.4,4.5,2.1,3.5,-0.4,-1.8,2.3,8.8,7.3,1.6,7.1,4.8,7.1,5.5,1.2,3.8,3.3,1.7,6.9,1.9,4.7,0.4,30.9,3.0,0.9,10.3,1.4,1.6,1.7,-2.3,5.6,-0.4,1.0,4.4,4.4,2.2,2.9,0.5,7.3,4.4,3.7,1.0,1.7,1.7,3.1,2.8,4.2,1.7,7.4,5.0,5.0,0.7,8.6,3.9,0.0,0.6,0.3,3.4,4.3,5.0,-1.1,3.3,0.5,4.0,7.6,1.4,1.9,2.5,2.1,0.7,-23.0,3.5,2.6,-2.0,3.3,1.9,5.7,6.0,7.3,7.1,7.6,-1.0,4.3,3.8,2.8,3.7,3.4,5.0,7.9,1.8,2.7,7.4,8.2,6.1,14.7,6.0,1.4,3.8,4.8,6.6,6.3,1.7,2.4,3.6,2.0,1.3,3.0,10.5,4.1,4.4,5.1,13.5,5.3,2.4,6.3,3.8,0.8,-1.2,5.3,6.7,3.2,1.6,4.9,4.1,0.7,6.2,7.6,1.3,1.1,0.7,-0.6,4.0,6.2,-1.6,4.7,4.6,3.9,2.7,2.8,1.2,2.7,1.4,0.5,6.9,4.8,1.4,6.4,5.0,4.9,4.7,0.3,2.7,2.3,-2.757142857142857,6.5,4.7,6.7,6.7,1.0,1.8,-1.4,4.5,5.9,2.0,3.3,3.1,3.8,1.7,5.7,-6.6,4.2,3.2,2.3,3.2,6.9,3.1,-3.9,6.4,-0.2,1.7,2.0,3.5,-0.2,4.7,2.4,4.8
2015,4.6,2.3,1.0,3.4,2.2,3.7,1.4,0.9,3.8,2.7,3.3,3.6,5.6,2.3,2.5,1.0,1.0,2.5,6.6,2.4,-3.8,2.0,3.4,1.8,6.2,4.9,4.3,-4.9,-3.5,-0.4,3.4,3.9,-3.9,1.0,7.0,5.6,0.7,0.7,4.3,4.9,1.8,2.2,7.0,3.0,1.1,3.7,2.5,3.4,5.4,8.8,6.4,2.3,7.5,-2.7,6.9,5.3,-0.1,0.1,4.4,2.4,6.8,1.0,4.4,-9.1,-20.6,1.9,2.2,10.4,2.0,1.6,2.5,4.6,4.5,0.5,1.1,3.9,3.0,1.5,2.1,-0.2,6.4,4.1,3.8,6.1,0.7,2.6,3.8,2.4,3.7,4.4,8.0,4.9,-1.4,2.5,24.4,2.5,0.8,0.9,1.6,2.5,1.0,5.0,9.9,5.9,0.6,3.9,7.3,0.4,3.9,0.5,3.2,0.0,-0.8,2.0,2.3,-21.5,3.1,2.1,3.0,5.0,2.9,6.2,9.6,1.6,5.4,3.7,3.3,2.5,3.0,-0.3,2.4,3.4,4.3,6.7,7.5,4.3,-5.7,4.0,2.0,3.7,4.8,4.4,2.7,3.7,2.6,3.9,1.9,5.0,2.3,5.7,4.1,9.6,5.7,6.6,3.0,3.3,6.3,4.4,1.8,-1.0,4.8,-3.6,2.8,-0.2,6.1,3.2,-2.0,8.9,0.7,-0.2,2.8,3.9,2.7,4.7,6.4,1.8,5.6,-20.5,3.0,5.2,2.2,1.7,4.6,1.3,-1.1,7.3,4.9,3.8,4.2,3.2,3.3,4.9,-3.4,4.5,1.6,-4.785714285714286,3.8,1.5,6.0,6.2,3.1,1.0,4.1,2.8,5.7,1.2,-0.8,1.0,3.0,9.4,8.0,-9.8,6.8,2.4,2.7,0.4,7.2,0.4,-6.2,7.0,3.7,2.2,1.8,3.4,-28.0,2.9,1.8,4.9
2016,4.8,1.8,2.2,2.2,3.3,3.2,3.7,-2.6,5.5,-2.1,0.2,2.1,5.4,2.7,2.9,2.0,-3.1,3.6,7.1,2.5,-2.5,1.3,0.1,3.3,7.4,4.3,3.2,7.2,-3.3,-2.5,3.0,6.0,-0.6,4.7,6.9,4.5,1.0,-0.8,4.7,4.5,-5.6,1.8,6.9,2.1,3.3,4.2,3.6,6.6,2.5,7.2,0.4,3.2,7.1,2.8,6.7,5.1,1.4,-1.2,4.5,2.5,6.8,1.8,4.4,-8.8,7.4,3.2,1.1,8.0,1.9,1.8,2.0,0.9,2.4,2.8,1.0,2.1,2.9,2.2,3.4,-0.5,3.7,2.7,10.8,5.3,3.8,1.8,3.9,2.2,2.2,6.3,8.3,5.0,8.8,15.2,2.0,4.5,1.3,1.5,0.8,2.0,0.9,4.2,-0.5,5.6,2.9,4.3,7.0,-0.6,2.4,1.6,1.9,-1.6,-1.5,2.5,5.0,-0.7,4.0,1.5,2.3,4.4,6.3,5.9,3.4,1.4,1.3,3.9,2.6,5.4,4.3,4.4,1.5,2.9,0.5,3.8,6.4,0.0,8.0,0.4,2.2,3.9,4.6,5.7,-1.6,3.1,1.7,2.8,1.2,5.0,2.6,4.8,4.6,3.7,5.0,5.5,4.3,4.0,7.1,3.0,2.0,-1.3,3.1,-10.8,2.9,-13.3,3.3,2.9,0.2,6.0,3.9,3.8,4.1,8.0,2.3,2.4,6.4,3.3,5.4,6.4,3.6,1.9,3.2,5.6,4.7,0.7,-2.4,7.6,5.1,3.0,5.1,1.5,1.6,4.7,-4.9,2.1,2.1,-1.6142857142857143,4.2,2.2,6.9,6.9,3.4,-0.9,1.9,3.4,5.6,6.6,-6.8,1.1,-1.0,4.7,0.2,2.4,5.6,2.2,1.7,1.7,5.9,4.7,-17.0,6.7,8.9,1.9,0.9,3.3,-9.4,3.8,0.5,2.8
2017,5.2,2.5,2.6,3.5,3.8,1.4,0.3,-0.2,3.1,2.8,7.5,5.5,5.7,2.4,2.5,2.3,0.2,4.3,6.6,0.5,2.5,1.6,-1.7,5.7,6.3,4.2,3.2,4.1,1.3,1.3,2.8,6.2,0.5,3.7,7.0,3.5,3.0,0.4,4.5,4.3,-2.4,1.4,6.9,1.4,3.8,4.2,3.4,5.7,5.2,6.1,3.7,2.8,5.5,-6.6,4.7,5.5,3.2,2.4,2.4,2.3,6.6,4.2,4.7,-5.7,-10.0,5.8,2.0,10.2,2.6,2.8,3.0,2.7,5.4,3.2,2.4,0.5,4.8,2.7,8.1,1.1,4.4,3.1,10.3,4.8,3.7,2.5,4.8,3.8,4.3,4.2,6.8,5.1,2.8,-3.4,9.0,4.3,1.7,0.7,1.7,2.5,3.9,3.8,-0.1,4.8,-4.7,4.7,6.9,1.4,3.3,0.9,-2.7,2.5,32.5,4.3,1.3,10.0,3.9,2.2,4.0,5.8,7.2,5.3,10.9,3.3,6.3,3.9,2.1,0.6,2.2,4.2,5.6,4.7,5.1,3.7,5.8,-1.0,-5.9,9.0,2.9,3.5,4.6,5.0,0.8,4.6,2.3,1.1,2.5,0.3,3.1,3.9,4.6,-3.4,5.6,3.5,4.8,2.5,6.9,5.1,3.5,-2.9,-1.5,-4.4,3.2,-5.8,7.5,8.2,1.8,4.0,0.9,3.4,1.5,1.4,0.3,-0.1,7.4,2.1,4.5,3.8,4.5,2.9,4.8,3.1,2.2,1.2,0.8,6.6,5.4,3.0,6.5,2.9,2.9,0.8,1.6,2.6,1.4,-4.792857142857143,3.9,3.3,7.1,6.8,4.2,3.1,4.8,-3.1,4.3,3.3,-4.7,2.2,4.7,3.3,6.8,2.4,0.7,2.4,2.2,1.6,4.4,6.3,-15.7,6.9,1.4,2.6,2.0,3.8,-5.1,3.5,5.0,6.3
2018,5.0,2.3,1.2,3.4,4.0,1.2,1.6,-1.3,6.9,-2.6,5.2,5.3,5.3,2.8,2.9,2.4,1.5,2.1,7.3,-0.6,3.1,1.8,1.1,6.7,3.8,4.2,3.8,4.2,1.8,0.1,2.7,6.6,1.6,14.6,7.5,4.0,2.8,1.7,3.8,3.9,2.4,4.0,6.8,2.6,3.6,2.6,2.8,5.6,3.2,3.8,4.8,2.0,4.8,3.5,7.0,5.2,3.8,1.3,5.3,2.4,6.4,3.6,4.7,-6.2,13.0,3.8,2.4,7.7,1.8,2.3,2.3,0.2,3.8,1.1,1.8,0.8,4.8,1.0,6.2,1.7,4.4,3.4,6.4,3.8,4.4,1.7,3.8,2.8,5.4,4.9,6.5,5.2,-1.8,4.7,8.5,4.1,0.9,1.8,0.6,1.9,4.1,5.7,5.3,3.4,2.4,3.5,6.3,1.2,4.0,-1.9,-1.3,1.2,7.9,4.0,1.2,6.5,3.2,2.1,4.4,4.8,8.1,4.7,6.2,3.1,4.8,4.0,2.2,1.5,2.8,4.1,7.7,5.1,3.1,3.4,6.4,1.1,7.2,7.6,2.4,3.5,-3.4,7.0,1.9,4.2,2.8,2.9,0.8,1.3,2.8,0.9,6.1,0.0,3.7,-0.3,3.2,4.0,6.3,5.9,2.8,-4.4,1.2,-4.8,2.9,-2.1,3.0,6.0,2.8,8.6,1.1,2.9,3.2,-0.6,1.5,2.8,6.2,4.5,3.2,3.5,3.6,4.0,4.5,2.7,3.7,1.5,0.5,6.4,5.3,2.3,2.3,3.2,3.0,-2.3,4.9,2.0,2.9,-3.6928571428571426,3.0,2.8,7.6,7.0,4.2,1.8,7.2,-0.7,5.0,0.2,-0.9,2.6,0.9,1.4,5.5,3.5,1.3,1.7,2.9,0.5,5.9,2.9,-19.7,7.5,1.2,1.8,2.4,3.6,0.8,4.0,4.7,3.3
2019,4.3,1.7,3.9,3.0,2.1,1.0,2.0,-0.7,4.9,-2.0,7.6,0.6,4.1,1.9,2.1,1.5,2.5,2.2,7.9,-0.5,1.4,2.2,4.5,6.9,4.4,2.2,2.9,3.0,1.2,3.9,4.0,5.7,1.8,5.7,7.1,3.4,1.9,0.7,3.0,3.3,3.4,0.7,6.0,3.2,1.8,2.4,3.4,5.5,3.0,8.3,4.5,1.5,5.5,5.5,5.1,4.4,3.0,0.0,5.5,2.4,5.2,2.5,3.6,-5.5,3.8,3.7,2.7,9.0,1.6,2.0,2.0,1.2,-0.6,1.2,1.9,3.9,5.0,1.1,6.5,1.9,0.7,4.0,5.6,4.5,5.4,-1.7,2.7,-1.7,4.9,1.8,3.9,5.0,-3.1,5.8,5.4,4.2,0.5,1.0,-0.4,1.9,4.5,5.1,-2.1,4.8,-0.6,4.6,4.7,0.2,2.6,-6.9,-2.0,-2.5,-11.2,4.6,2.3,-2.5,4.4,1.6,5.4,4.4,6.9,4.8,7.0,6.8,5.4,2.9,-0.2,0.4,1.6,3.6,5.6,4.1,2.9,2.3,6.8,-0.8,9.1,6.7,2.0,3.1,-3.8,6.1,2.2,2.9,2.0,3.9,1.1,-1.1,2.0,3.0,3.1,0.4,3.0,4.5,-0.4,2.2,6.1,4.4,2.7,1.7,0.7,1.0,2.2,0.9,0.8,3.8,2.2,9.5,4.0,-0.7,0.7,4.5,2.1,0.8,4.6,4.3,3.1,5.3,1.3,2.5,3.5,1.7,2.7,0.3,-0.1,3.9,4.7,2.0,-0.2,3.3,3.0,-2.5,1.1,2.0,1.2,-4.4,2.2,3.1,7.4,7.0,2.1,1.9,6.2,2.1,5.5,0.7,0.1,1.6,-3.4,13.8,7.8,3.2,1.1,1.6,2.3,0.4,6.0,3.2,-27.7,7.4,1.4,1.6,1.6,2.8,1.4,1.4,-6.1,1.9
2020,-4.4,-4.2,-2.4,-1.7,-3.5,-5.1,-11.2,-5.6,-20.2,-9.9,-7.2,-18.6,-0.8,-1.8,-1.8,-6.5,-4.2,-4.6,3.4,-13.3,-0.7,-5.4,-13.4,3.8,-2.3,-8.7,-3.0,-8.7,-3.3,1.1,-4.0,1.9,0.3,-14.8,-3.1,0.5,-5.1,-4.8,1.0,-7.2,-2.1,-6.1,2.2,-7.3,-0.2,-4.3,-8.6,-4.4,-5.5,1.7,1.7,-2.0,1.2,-16.6,-6.7,0.9,-3.0,-7.8,3.5,-8.2,-0.5,-1.6,-1.8,-4.2,-0.5,-0.6,-1.6,6.1,-6.1,-5.5,-5.6,-1.8,-17.0,-2.4,-7.9,-1.9,-6.8,-3.7,0.5,-9.0,-13.8,-1.8,4.9,1.5,43.5,-3.3,-9.0,-6.5,-4.5,-7.2,-5.8,-2.1,3.3,-15.7,6.2,-1.9,-9.0,-9.9,-4.3,-1.6,-2.6,-0.3,-1.4,-5.3,-8.9,-8.6,-0.4,-6.8,-2.2,-25.9,-3.9,-3.0,-29.5,0.0,-0.8,-54.2,-7.1,-4.5,0.9,-5.5,-33.4,-1.2,-8.6,-1.6,-0.9,-14.6,-8.0,-3.6,-2.7,-8.3,-4.6,-15.3,-7.2,-1.2,3.2,-8.0,4.1,-2.4,-3.9,-1.5,-1.8,3.5,-1.8,-1.8,-3.4,-4.7,-1.3,-3.2,-1.6,-6.2,-0.9,-7.5,-17.9,-3.2,-0.8,-11.0,-9.5,-2.0,-8.3,-4.4,-3.6,-6.2,-0.7,-6.5,1.9,-3.7,-2.7,-3.4,-14.5,-24.4,-3.7,-3.1,-6.7,-4.3,1.3,-0.9,-7.7,-2.0,-3.9,-3.4,-4.3,-3.4,-0.3,-6.3,-6.3,-4.3,-3.1,-11.3,-3.5,-1.7,-1.7,-3.6,-15.9,-2.2,-2.5,-10.22857142857143,3.0,3.4,4.4,4.8,-6.2,-23.8,0.6,-8.3,1.8,0.5,-7.7,-8.8,-2.9,-4.3,-1.3,-3.8,-5.0,-11.0,-2.8,-6.1,2.0,-5.0,-30.0,2.9,-11.3,-6.6,-4.1,-2.8,-8.5,-2.8,-7.8,0.6
2021,4.0,5.4,13.3,4.9,8.5,3.4,8.9,1.1,5.3,10.4,5.7,17.2,6.9,5.2,5.3,4.6,5.6,2.7,6.9,-0.2,2.3,6.1,15.2,7.2,-3.3,6.1,7.4,11.8,5.0,-1.6,7.6,6.9,3.1,7.0,3.0,3.6,5.0,4.5,1.0,11.0,-1.1,11.7,8.4,11.0,2.1,7.8,13.1,6.6,3.6,7.0,6.2,4.9,4.8,4.8,12.3,7.1,5.8,4.2,3.3,10.3,7.5,7.3,6.9,-3.2,2.9,8.0,7.9,6.3,5.4,5.7,5.6,-3.2,-5.1,3.0,6.8,1.5,10.5,2.6,5.4,8.4,4.7,8.0,4.3,6.4,20.1,-1.8,12.5,6.4,7.1,4.3,9.1,3.7,4.7,7.7,13.6,8.6,7.0,4.6,2.1,2.2,4.1,7.5,7.9,10.7,1.3,3.7,2.1,7.0,4.1,6.938461538461539,2.1,5.0,28.3,6.0,5.1,19.3,5.7,5.3,4.6,3.1,41.7,3.1,11.8,1.7,2.4,3.5,4.7,4.3,4.6,13.9,1.6,13.0,7.9,2.3,-17.9,2.7,2.7,4.2,4.9,6.1,10.3,1.4,3.6,5.4,5.7,3.9,3.9,2.9,5.4,-1.2,5.7,-12.1,15.3,0.1,4.0,13.6,5.7,6.8,5.5,0.2,1.6,1.5,4.1,5.3,11.4,5.9,5.6,10.9,-0.9,12.2,0.8,-7.1,8.3,3.9,6.1,7.5,7.9,4.1,8.9,3.0,8.2,-0.6,2.9,4.9,7.5,8.4,3.2,5.5,3.3,4.8,4.6,0.5,-2.7,5.4,4.2,0.7384615384615385,1.9,6.5,9.4,4.9,1.6,13.7,4.3,2.9,5.3,-2.7,-1.0,4.4,4.6,1.8,6.0,3.4,3.9,7.6,5.9,4.4,7.4,0.6,0.5,2.6,7.0,5.7,6.2,6.3,-1.0,4.6,8.5,9.6
2022,5.5,2.7,12.533333333333335,3.8,3.7,2.9,8.7,2.8,6.4,5.2,12.6,5.7,4.0,3.7,3.5,5.0,4.6,4.2,7.1,10.0,-4.7,3.1,11.4,6.0,4.3,3.2,3.8,6.4,2.9,-1.5,3.4,2.5,1.8,10.5,5.0,3.4,3.4,13.4,0.4,5.3,2.5,2.4,3.0,7.5,2.4,4.3,6.3,5.6,2.4,6.7,6.6,3.6,2.5,6.0,4.9,2.6,-0.6,3.0,6.6,2.8,4.4,0.8,4.0,1.6,2.6,-1.3,0.5,6.4,3.5,2.4,3.7,-0.6,14.5,2.1,2.6,2.8,10.1,1.8,3.2,5.9,6.0,4.0,4.3,3.5,62.3,-1.7,4.0,-3.5,4.9,6.4,6.8,5.3,2.5,8.1,12.0,6.4,3.7,4.0,1.1,2.7,3.2,5.4,1.2,2.7,8.2,7.0,2.3,4.0,2.0,8.753846153846155,2.1,4.8,-12.8,1.9,1.5,-26.8,4.2,2.3,0.8,8.7,12.3,3.7,6.9,1.3,5.0,8.3,3.1,6.2,5.3,-5.6,4.8,6.4,1.1,4.1,2.0,3.8,3.0,5.8,4.5,2.4,4.0,11.1,3.3,4.1,2.3,2.2,3.3,4.3,2.6,6.2,6.0,-2.9,10.0,4.5,0.2,2.7,7.6,4.9,6.7,4.8,4.2,2.8,2.6,6.6,5.6,4.8,-2.1,6.8,9.0,14.9,5.3,-6.0,4.6,8.7,4.7,2.3,8.8,2.8,3.6,1.7,5.4,-4.1,1.7,2.0,3.9,6.4,5.7,5.5,-8.7,3.9,3.6,-2.5,1.3,2.6,2.1,2.5538461538461537,0.9,2.5,8.0,4.7,2.6,11.0,4.4,3.3,5.4,-2.0,2.5,2.5,1.8,0.7,4.9,-30.3,7.4,4.0,2.1,4.9,5.7,1.9,8.0,8.0,4.0,3.6,2.7,3.4,1.5,3.4,3.0,5.3
2023,4.5,1.3,11.983333333333334,3.7,2.2,2.6,1.3,3.5,5.5,0.2,5.5,1.6,4.4,1.6,1.5,0.4,3.0,3.0,5.5,4.9,0.7,0.7,3.0,6.0,4.7,1.8,2.0,3.7,0.9,3.3,1.4,4.9,3.3,4.4,5.8,4.3,1.5,9.9,2.5,3.8,3.5,-1.0,5.2,1.0,3.0,2.7,1.7,2.5,-0.5,6.2,6.3,0.0,4.0,4.9,4.2,4.3,0.6,2.9,3.7,2.4,5.3,1.2,3.9,-1.8,2.8,-1.2,2.8,6.1,0.8,0.6,0.7,2.8,7.0,0.0,0.7,3.0,4.0,-0.1,1.6,2.6,3.7,3.4,5.6,4.5,37.2,0.3,3.7,3.5,0.5,2.3,5.9,5.0,2.0,3.7,5.6,2.9,0.7,2.2,1.3,2.7,4.3,5.3,2.5,3.5,0.9,3.5,4.0,1.6,0.4,5.6461538461538465,2.2,4.3,17.5,-0.3,1.1,58.9,4.2,1.1,2.4,4.5,7.2,5.0,3.5,3.0,4.4,4.6,1.8,2.7,2.9,2.0,4.5,3.2,3.0,5.0,2.6,2.8,1.0,4.4,1.0,1.1,3.0,6.1,3.2,4.0,1.6,1.4,2.1,1.7,1.8,4.4,0.5,8.7,5.0,3.7,4.5,2.4,6.0,0.3,1.0,0.4,2.4,4.1,1.5,5.6,2.7,2.4,0.7,6.2,4.5,3.0,6.0,5.0,1.2,3.1,8.3,2.0,3.9,3.1,1.5,1.3,1.6,2.5,2.8,0.1,1.0,5.2,4.6,1.5,-3.0,3.6,3.5,1.2,2.3,-0.5,0.8,-0.5538461538461537,2.0,2.1,5.0,5.2,3.4,4.3,5.6,2.2,5.5,2.5,3.2,1.3,2.3,4.3,5.7,-3.0,3.5,-0.3,1.6,2.0,5.3,3.5,5.0,5.8,3.5,0.6,1.6,2.8,-0.5,4.0,2.5,3.1
2024,4.6,1.4,13.766666666666666,4.2,3.3,2.6,1.5,3.7,5.4,2.0,5.0,1.2,4.4,1.7,1.6,1.1,2.6,3.8,6.5,3.9,1.2,1.1,2.0,5.9,3.4,1.9,3.0,4.3,1.5,3.5,3.5,5.9,6.0,5.4,6.2,4.4,1.5,14.1,3.8,3.8,3.7,1.9,4.5,1.9,3.6,3.2,2.3,2.8,2.0,6.6,6.5,1.0,6.0,4.7,5.0,3.8,2.1,2.8,5.0,1.9,5.1,2.5,4.2,-8.2,2.9,3.2,2.5,6.4,1.4,1.5,1.6,2.8,5.0,1.3,1.3,3.1,5.0,1.1,2.9,1.5,4.1,3.5,5.7,5.0,45.3,1.2,3.5,3.1,3.2,2.1,6.3,5.1,2.0,3.1,4.0,3.1,0.8,2.0,1.0,2.7,4.9,5.4,2.4,3.9,2.7,3.8,4.0,2.2,2.9,6.961538461538462,2.3,5.5,8.4,2.7,1.7,20.6,4.8,1.1,3.2,4.5,5.7,5.1,3.5,2.0,5.1,4.1,1.6,3.0,3.5,4.3,5.5,3.0,3.1,8.2,2.6,2.6,2.0,5.1,1.2,0.8,3.3,13.0,3.0,4.3,1.1,3.6,2.5,5.2,2.2,4.4,3.5,9.6,4.0,4.4,3.5,3.0,5.8,2.4,1.7,-1.6,1.8,4.6,2.4,4.6,3.6,3.7,1.3,7.5,3.8,2.2,5.0,3.6,1.0,3.1,10.6,3.0,3.9,4.8,2.1,2.7,2.1,2.4,3.7,1.8,1.9,6.0,4.9,2.0,1.5,4.2,4.1,2.7,3.0,1.0,1.8,0.5846153846153852,2.5,2.6,4.5,6.2,3.6,1.8,6.3,3.1,5.5,2.8,2.3,1.9,2.1,3.1,5.7,2.6846153846153844,3.9,1.0,1.1,2.9,5.5,3.6,4.5,6.9,2.7,1.3,1.4,3.0,2.0,4.1,2.6,3.9
2025,4.6,1.8,14.533333333333335,4.3,3.4,2.2,1.5,4.0,4.1,2.0,4.5,1.2,4.1,2.1,2.1,1.8,2.5,3.2,7.1,2.8,1.0,1.2,2.0,6.1,5.4,2.1,3.0,4.0,1.9,3.1,2.9,5.8,5.9,5.3,6.4,4.5,2.2,2.5,3.8,3.9,3.4,2.2,4.1,2.9,4.1,3.2,2.7,3.0,3.4,6.4,6.8,1.4,5.5,4.3,5.0,3.4,2.4,2.8,5.5,2.0,4.8,2.5,4.0,-8.6,2.9,3.6,2.6,6.5,1.9,2.0,2.2,1.3,4.8,1.3,1.9,3.0,5.2,2.0,4.8,1.4,3.6,3.6,5.7,5.0,3.4,1.5,3.7,2.9,3.3,2.3,6.2,5.0,2.0,2.6,3.6,3.4,1.2,1.7,0.6,3.0,3.4,5.5,2.3,3.9,2.6,4.0,4.1,2.3,3.4,7.13076923076923,2.6,5.7,7.8,2.6,2.5,8.6,4.7,1.7,3.8,4.4,6.5,5.3,3.5,1.8,6.5,3.6,1.9,2.9,3.6,5.0,6.0,3.0,3.1,5.1,2.5,2.6,2.5,5.2,1.5,2.4,3.5,6.7,3.0,4.6,1.8,3.9,1.8,2.3,2.3,3.5,4.4,4.9,4.0,3.1,3.5,3.0,6.1,3.7,2.1,-1.0,3.3,3.5,2.3,4.6,3.0,3.8,1.0,7.5,3.0,2.0,3.9,3.4,1.3,3.0,4.8,4.5,3.8,5.2,2.5,2.9,2.8,3.0,3.9,1.6,2.2,6.1,4.8,2.0,2.6,4.1,4.1,3.0,3.0,2.6,1.2,0.7538461538461538,3.3,2.2,4.0,6.4,3.3,1.6,5.8,3.1,5.5,2.6,2.7,2.3,2.6,2.6,7.5,2.6692307692307695,4.0,2.2,1.8,2.6,5.5,3.9,0.31052631578947354,6.8,2.4,1.9,1.9,3.2,7.0,4.6,2.7,3.3
2026,4.6,1.9,14.983333333333334,4.3,3.4,2.1,1.5,4.1,2.7,2.0,4.5,1.1,4.1,2.2,2.2,1.7,2.5,2.7,7.3,2.3,0.7,1.2,2.0,6.0,7.2,2.2,3.0,4.0,2.0,2.4,2.8,5.3,5.7,5.0,6.5,4.6,1.9,13.8,3.8,4.0,3.8,2.2,4.0,3.3,4.3,3.3,2.9,3.1,2.8,6.3,7.0,1.5,5.0,2.7,5.0,3.3,2.2,2.8,5.8,2.1,4.7,2.4,4.0,-1.6,2.9,3.3,2.5,6.7,1.7,1.9,2.0,0.8,4.1,1.3,1.8,3.3,5.2,1.8,5.0,1.4,3.2,3.7,5.5,5.0,36.6,1.5,3.9,2.8,3.4,2.3,6.1,5.0,2.0,2.4,3.0,3.4,1.1,1.6,0.5,3.0,1.7,5.5,2.1,3.6,2.7,4.0,4.2,2.6,3.4,7.015384615384615,1.5,5.8,5.0,2.4,2.4,4.3,4.7,1.8,4.3,4.4,5.9,5.1,3.6,1.5,4.0,3.4,1.8,2.9,3.6,5.1,5.5,3.0,3.2,5.0,2.6,2.6,2.3,5.2,1.6,2.4,3.5,6.2,3.0,4.6,2.0,3.8,1.5,2.5,2.3,3.3,4.8,3.5,4.0,3.1,3.5,3.0,6.2,3.4,1.9,-0.5,2.9,4.0,2.3,4.4,3.0,3.7,0.8,6.8,2.7,1.7,2.8,3.0,1.3,3.0,5.1,4.0,3.8,4.6,2.5,2.8,2.9,3.0,4.0,1.4,2.3,6.0,4.8,1.7,3.0,4.2,4.1,3.0,3.0,2.3,1.8,0.6384615384615384,3.6,2.6,4.0,6.8,3.1,1.6,5.0,3.0,5.5,1.8,2.0,2.6,2.3,2.4,6.9,2.4461538461538455,4.2,2.0,2.1,2.4,5.5,3.1,2.1105263157894734,6.7,2.0,1.7,2.2,3.2,6.5,4.7,2.8,3.1
2027,4.5,1.8,14.5,4.4,3.4,1.7,1.5,4.2,2.7,2.0,4.5,1.1,3.9,2.3,2.3,1.7,2.6,2.7,7.4,2.0,0.6,1.2,2.0,6.0,4.0,2.3,3.0,4.0,2.0,3.2,2.8,5.2,5.9,4.5,6.2,4.7,1.7,2.3,3.7,4.0,3.7,2.4,3.6,3.3,4.3,3.2,2.8,2.9,2.5,6.1,6.7,1.5,5.0,2.7,5.0,3.1,2.1,2.8,5.9,2.1,4.5,2.3,3.9,-1.1,2.9,3.3,2.4,6.8,1.5,1.7,1.8,0.6,3.7,1.3,1.6,3.5,5.2,1.2,5.0,1.3,2.8,3.8,5.4,5.0,3.3,1.5,3.9,2.7,3.5,2.3,6.0,5.0,2.0,2.2,3.0,3.6,1.0,1.6,0.4,3.0,2.7,5.5,2.1,3.5,2.7,4.0,4.3,2.3,3.4,7.053846153846154,1.3,5.8,4.8,2.2,2.3,3.4,4.6,1.7,4.5,3.9,5.5,5.0,3.5,1.5,5.1,3.3,1.8,3.0,3.7,5.1,5.0,3.0,3.4,15.5,2.9,2.6,2.2,5.2,1.5,2.5,3.5,6.0,3.0,4.6,2.0,3.8,1.3,2.6,2.2,3.2,5.0,3.2,4.0,3.0,3.5,3.0,6.3,3.1,1.9,-0.5,3.7,4.1,2.2,4.4,3.0,3.6,0.8,6.2,2.7,1.5,2.7,2.6,1.3,3.0,5.0,4.0,3.7,4.5,2.5,2.7,3.0,3.0,4.1,1.4,2.3,5.9,4.8,1.7,3.1,4.3,4.3,3.0,3.0,2.3,1.2,0.6769230769230772,3.6,2.4,4.0,7.0,3.0,1.5,5.0,3.0,5.5,1.8,1.6,2.6,2.3,2.2,6.8,2.5076923076923077,4.3,1.8,2.1,2.2,5.5,3.0,0.3631578947368417,6.7,2.0,1.5,2.2,3.1,6.0,5.0,2.9,3.2
2028,4.6,1.8,14.416666666666664,4.5,3.4,1.8,1.5,4.2,2.7,2.0,4.5,1.1,3.9,2.3,2.3,1.5,2.6,2.7,7.0,2.0,0.7,1.3,2.0,5.9,3.9,2.3,3.0,4.0,2.0,3.1,2.8,5.2,5.5,4.5,6.3,4.7,1.7,2.3,3.3,4.0,3.7,2.5,3.4,3.3,4.2,3.2,2.8,2.9,2.5,6.0,6.5,1.5,5.0,2.7,5.0,2.9,2.1,2.8,6.0,2.1,4.4,2.3,3.9,-0.3,2.9,3.2,2.4,7.0,1.4,1.6,1.7,0.6,3.5,1.2,1.4,3.5,5.2,1.1,5.0,1.2,2.8,3.9,5.0,4.5,3.3,1.5,3.9,2.7,3.5,2.3,6.0,5.0,2.0,2.2,3.0,3.6,0.9,1.6,0.4,3.0,2.8,5.5,2.1,3.5,2.7,4.0,4.5,2.3,3.4,7.007692307692308,1.1,5.4,4.7,2.0,2.3,3.4,4.5,1.6,4.6,3.9,5.1,5.0,3.6,1.5,4.0,3.3,1.8,3.0,3.7,5.1,5.0,3.0,3.4,14.5,3.4,2.6,2.2,5.2,1.6,2.5,3.5,6.0,3.0,4.7,2.1,3.5,1.4,2.6,2.3,3.2,5.0,3.2,4.0,3.1,3.5,3.0,6.4,3.1,1.9,-0.5,3.6,4.0,2.2,4.4,3.0,3.5,0.7,7.3,2.7,1.5,2.7,2.3,1.3,3.0,6.5,4.0,3.6,4.6,2.5,2.7,3.0,3.0,4.3,1.4,2.3,6.0,4.8,1.6,3.1,4.4,4.3,3.0,3.0,2.3,1.8,0.6307692307692312,3.7,2.4,4.0,7.0,3.1,1.5,5.0,3.0,5.5,1.8,1.5,2.6,2.3,2.2,6.3,2.4923076923076923,4.3,1.5,2.1,2.2,5.5,2.5,0.37368421052631584,6.7,2.0,1.4,2.2,3.0,5.5,5.1,2.9,3.2
