Real GDP growth (Annual percent change),1980,1981,1982,1983,1984,1985,1986,1987,1988,1989,1990,1991,1992,1993,1994,1995,1996,1997,1998,1999,2000,2001,2002,2003,2004,2005,2006,2007,2008,2009,2010,2011,2012,2013,2014,2015,2016,2017,2018,2019,2020,2021,2022,2023,2024,2025,2026,2027,2028
ASEAN-5,7.7,6.5,3.8,4.5,4.6,1.3,5.2,6.9,8.8,9.4,8.7,7.5,6.6,7.9,7.7,7.9,7.4,3.8,-8.8,3.0,5.6,2.7,4.8,5.5,6.1,5.3,5.7,6.4,5.1,2.0,7.6,4.8,6.2,5.0,4.5,4.6,4.8,5.2,5.0,4.3,-4.4,4.0,5.5,4.5,5.0,5.0,5.0,5.0,5.0
Advanced economies,1.3,2.0,0.2,3.2,4.8,3.7,3.3,3.8,4.8,3.9,3.1,1.6,2.2,1.3,3.3,2.9,3.0,3.5,2.8,3.6,4.1,1.5,1.6,2.0,3.3,2.8,3.0,2.7,0.3,-3.4,3.2,1.7,1.2,1.4,2.0,2.3,1.8,2.5,2.3,1.7,-4.2,5.4,2.7,1.3,2.0,2.0,2.0,2.0,2.0
Afghanistan,8.79,11.85,9.77,8.93,10.82,10.08,10.03,10.8,11.93,9.0,10.63,9.92,8.18,8.98,10.25,10.18,11.68,9.87,8.35,9.97,10.42,8.43,8.67,8.7,0.7,11.8,5.4,13.3,3.9,20.6,8.4,6.5,14.0,5.7,2.7,1.0,2.2,2.6,1.2,3.9,-2.4,13.3,12.53,11.98,12.0,12.0,12.0,12.0,12.0
Africa (Region),4.37,3.74,4.74,3.9,4.66,6.64,5.93,5.24,7.42,6.14,5.43,2.3,0.1,0.9,2.5,2.6,5.0,3.2,4.0,3.1,4.3,4.5,4.9,5.5,5.9,5.9,5.5,6.1,5.2,3.0,5.9,2.7,6.2,3.7,3.8,3.4,2.2,3.5,3.4,3.0,-1.7,4.9,3.8,3.7,4.0,4.0,4.0,4.0,4.0
Albania,2.7,5.7,2.9,1.1,2.0,-1.5,5.6,-0.8,-1.4,9.8,-10.0,-28.0,-7.2,9.6,9.4,8.9,9.1,-10.9,8.8,12.9,6.9,8.3,4.5,5.5,5.5,5.5,5.9,6.0,7.5,3.4,3.7,2.5,1.4,1.0,1.8,2.2,3.3,3.8,4.0,2.1,-3.5,8.5,3.7,2.2,3.0,3.0,3.0,3.0,3.0
Algeria,-5.4,3.0,6.4,5.4,5.6,5.6,-0.2,-0.7,-1.9,4.8,0.8,-1.2,1.6,-2.1,-0.9,3.8,3.8,1.1,5.1,3.2,3.8,3.0,5.6,7.2,4.3,5.9,1.7,3.4,2.4,1.6,3.6,2.9,3.4,2.8,3.8,3.7,3.2,1.4,1.2,1.0,-5.1,3.4,2.9,2.6,2.0,2.0,2.0,2.0,2.0
Andorra,1.14,0.78,-0.46,1.22,3.51,1.02,1.75,3.15,3.05,3.79,1.52,-0.28,3.81,1.22,2.75,2.17,1.92,3.7,1.91,2.12,3.57,8.1,4.5,8.7,8.1,5.4,4.8,1.6,-5.6,-5.3,-2.0,0.0,-5.0,-3.5,2.5,1.4,3.7,0.3,1.6,2.0,-11.2,8.9,8.7,1.3,2.0,2.0,2.0,2.0,2.0
Angola,2.4,-4.4,0.0,4.2,6.0,3.5,2.9,4.1,6.1,0.0,-3.5,12.1,11.4,11.0,10.5,10.4,11.2,7.3,4.7,2.2,3.1,4.2,13.7,3.0,11.0,15.0,11.5,14.0,11.2,0.9,4.9,3.5,8.5,5.0,4.8,0.9,-2.6,-0.2,-1.3,-0.7,-5.6,1.1,2.8,3.5,4.0,4.0,4.0,4.0,4.0
Antigua and Barbuda,8.2,3.8,-0.1,5.4,10.2,7.6,11.5,6.6,5.2,5.3,3.0,2.2,1.2,5.3,6.7,-4.4,6.6,5.5,4.7,3.7,6.2,-4.5,1.0,6.1,5.8,6.5,12.7,9.3,0.0,-12.0,-7.8,-2.0,3.4,-0.6,3.8,3.8,5.5,3.1,6.9,4.9,-20.2,5.3,6.4,5.5,4.0,4.0,4.0,4.0,4.0
Argentina,0.7,-5.7,-3.1,3.7,2.0,-7.0,7.1,2.5,-2.0,-7.0,-1.3,10.5,10.3,6.3,5.8,-2.8,5.5,8.1,3.9,-3.4,-0.8,-4.4,-10.9,9.0,8.9,8.9,8.0,9.0,4.1,-5.9,10.1,6.0,-1.0,2.4,-2.5,2.7,-2.1,2.8,-2.6,-2.0,-9.9,10.4,5.2,0.2,2.0,2.0,2.0,2.0,2.0
Armenia,8.47,8.47,10.3,10.6,9.3,8.0,9.9,9.1,11.6,9.3,4.0,-4.9,-13.65,-14.1,5.4,8.0,5.2,3.4,6.3,3.2,5.9,9.5,14.8,14.1,10.5,14.1,13.2,13.7,6.9,-14.1,2.2,4.7,7.1,3.4,3.6,3.3,0.2,7.5,5.2,7.6,-7.2,5.7,12.6,5.5,5.0,5.0,5.0,5.0,5.0
Aruba,5.99,5.63,4.39,6.07,8.36,5.87,6.6,16.1,18.6,12.1,4.0,8.0,5.9,7.3,8.2,2.5,1.3,7.0,2.0,1.4,7.7,4.2,-0.9,1.1,7.3,-0.4,1.1,3.1,1.8,-11.7,-2.7,3.4,-1.0,6.4,0.0,3.6,2.1,5.5,5.3,0.6,-18.6,17.2,5.7,1.6,2.0,2.0,2.0,2.0,2.0
Asia and Pacific,4.4,5.2,4.2,5.4,6.5,5.8,5.4,6.8,7.8,5.4,5.6,4.9,5.5,5.2,5.5,6.4,6.5,4.7,1.4,4.5,5.6,3.7,5.0,6.1,6.9,7.3,7.7,8.6,5.0,4.2,8.3,6.4,5.6,5.8,5.6,5.6,5.4,5.7,5.3,4.1,-0.8,6.9,4.0,4.4,4.0,4.0,4.0,4.0,4.0
Australia,2.9,4.1,0.1,-0.5,6.3,5.5,2.4,4.9,4.3,4.6,1.5,-1.0,2.6,3.9,4.8,3.0,4.0,4.6,4.6,4.4,3.1,2.7,4.2,3.0,4.1,3.0,2.6,4.4,2.5,1.9,2.4,2.8,3.8,2.2,2.6,2.3,2.7,2.4,2.8,1.9,-1.8,5.2,3.7,1.6,2.0,2.0,2.0,2.0,2.0
Australia and New Zealand,2.6,3.9,0.5,-0.4,6.4,4.8,2.4,4.5,3.7,4.1,1.3,-1.0,2.3,4.1,4.9,3.2,4.0,4.3,4.1,4.4,3.2,2.6,4.2,3.2,4.2,3.0,2.6,4.3,2.2,1.6,2.3,2.6,3.6,2.2,2.7,2.5,2.9,2.5,2.9,2.1,-1.8,5.3,3.5,1.5,2.0,2.0,2.0,2.0,2.0
Austria,2.3,-0.1,1.9,2.8,0.3,2.2,2.3,1.7,1.0,3.9,4.3,3.4,2.1,0.5,2.4,2.7,2.4,2.1,3.6,3.6,3.4,1.3,1.7,0.9,2.7,2.2,3.5,3.7,1.5,-3.8,1.8,2.9,0.7,0.0,0.7,1.0,2.0,2.3,2.4,1.5,-6.5,4.6,5.0,0.4,2.0,2.0,2.0,2.0,2.0
Azerbaijan,7.97,7.97,9.8,10.1,8.8,7.5,9.4,8.6,11.1,8.8,3.5,-5.4,-14.15,-23.1,-19.7,-13.0,2.5,8.9,6.0,11.4,6.2,6.5,9.4,10.2,9.3,28.0,34.5,25.5,10.6,9.4,4.8,-1.6,2.2,5.8,2.8,1.0,-3.1,0.2,1.5,2.5,-4.2,5.6,4.6,3.0,3.0,3.0,3.0,3.0,3.0
Bahrain,7.5,2.8,6.4,7.0,4.2,-0.9,0.5,-1.2,6.0,1.0,3.5,2.3,7.1,7.6,3.2,1.9,3.2,2.3,4.8,6.0,7.0,2.5,3.3,6.3,7.0,6.8,6.5,8.3,6.2,2.5,4.3,2.0,3.7,5.4,4.4,2.5,3.6,4.3,2.1,2.2,-4.6,2.7,4.2,3.0,3.0,3.0,3.0,3.0,3.0
Bangladesh,5.12,3.8,2.4,4.0,5.2,3.2,4.2,3.7,2.2,2.6,5.9,3.3,5.0,4.6,4.1,4.9,4.6,4.5,5.2,4.7,5.3,5.1,3.8,4.7,5.2,6.5,6.7,7.1,6.0,5.0,5.6,6.5,6.5,6.0,6.1,6.6,7.1,6.6,7.3,7.9,3.4,6.9,7.1,5.5,6.0,6.0,6.0,6.0,6.0
Barbados,4.4,-1.9,-4.9,0.5,3.6,1.1,5.1,2.6,3.5,3.6,-3.3,-3.9,-5.7,0.8,2.0,2.0,4.0,4.7,3.7,0.3,4.5,-2.4,0.8,2.2,1.4,4.0,5.7,2.2,0.7,-5.1,-2.3,-0.7,-0.4,-1.4,-0.1,2.4,2.5,0.5,-0.6,-0.5,-13.3,-0.2,10.0,4.9,3.0,3.0,3.0,3.0,3.0
Belarus,2.65,2.65,4.0,4.3,3.0,1.7,3.6,2.8,5.3,3.0,-2.3,-1.2,-9.6,-7.6,-11.7,-11.1,2.8,11.4,8.4,3.4,5.8,4.7,5.0,7.0,11.4,9.5,10.0,8.6,10.2,0.2,7.8,5.3,1.6,1.0,1.7,-3.8,-2.5,2.5,3.1,1.4,-0.7,2.3,-4.7,0.7,1.0,1.0,1.0,1.0,1.0
Belgium,4.4,-0.3,0.6,0.3,2.5,1.7,1.8,2.3,4.7,3.5,3.1,1.8,1.5,-1.0,3.2,2.4,1.3,3.8,2.0,3.5,3.7,1.1,1.7,1.0,3.6,2.3,2.6,3.7,0.4,-2.0,2.9,1.7,0.7,0.5,1.6,2.0,1.3,1.6,1.8,2.2,-5.4,6.1,3.1,0.7,1.0,1.0,1.0,1.0,1.0
Belize,5.0,0.2,-7.6,6.1,11.3,-1.4,7.3,22.0,10.9,15.5,11.2,11.5,12.0,6.3,0.2,0.6,1.1,3.6,3.9,9.0,13.0,5.0,5.1,9.3,4.6,2.4,4.4,3.3,-1.5,-0.4,1.3,-0.1,3.9,4.5,4.1,3.4,0.1,-1.7,1.1,4.5,-13.4,15.2,11.4,3.0,3.0,3.0,3.0,3.0,3.0
Benin,9.3,1.9,1.7,-2.0,0.4,4.3,2.7,-2.1,3.4,-2.8,9.0,4.2,3.0,5.8,2.0,6.0,4.3,5.7,4.0,4.4,5.9,5.3,4.6,3.4,4.4,1.7,3.9,6.0,4.9,2.3,2.1,3.0,4.8,7.2,6.4,1.8,3.3,5.7,6.7,6.9,3.8,7.2,6.0,6.0,6.0,6.0,6.0,6.0,6.0
Bhutan,5.0,13.6,8.2,7.3,7.6,4.3,8.0,20.2,15.1,6.2,9.1,4.9,2.1,3.2,2.2,6.0,6.0,5.5,6.0,7.1,6.9,7.0,9.5,9.3,6.9,6.7,7.1,12.9,11.0,5.8,9.5,9.9,6.5,3.6,4.0,6.2,7.4,6.3,3.8,4.4,-2.3,-3.3,4.3,4.7,5.0,5.0,5.0,5.0,5.0
Bolivia,0.6,0.3,-3.9,-4.0,-0.2,-1.7,-2.6,2.5,2.9,3.8,4.6,5.3,1.6,4.3,4.7,4.7,4.4,5.0,5.0,0.4,2.5,1.7,2.5,2.7,4.2,4.4,4.8,4.6,6.1,3.4,4.1,5.2,5.1,6.8,5.5,4.9,4.3,4.2,4.2,2.2,-8.7,6.1,3.2,1.8,2.0,2.0,2.0,2.0,2.0
Bosnia and Herzegovina,6.54,5.02,5.34,5.99,6.95,6.4,7.27,7.23,7.17,7.4,5.3,1.17,0.79,0.88,3.33,20.7,62.2,22.9,13.8,10.7,4.4,2.4,5.1,3.9,6.3,4.2,5.7,6.0,5.6,-0.8,0.8,0.9,-0.7,2.4,1.1,4.3,3.2,3.2,3.8,2.9,-3.0,7.4,3.8,2.0,3.0,3.0,3.0,3.0,3.0
Botswana,12.0,8.2,15.9,10.8,6.5,7.7,8.6,14.9,23.4,4.7,8.8,6.2,-0.2,4.0,-0.8,8.5,2.5,7.1,-1.6,8.0,4.3,2.3,7.4,5.4,1.4,5.0,6.0,5.8,3.3,-14.1,10.1,6.8,-0.2,11.1,5.7,-4.9,7.2,4.1,4.2,3.0,-8.7,11.8,6.4,3.7,4.0,4.0,4.0,4.0,4.0
Brazil,9.2,-4.4,0.6,-3.4,5.3,7.9,7.5,3.6,0.3,3.2,-4.2,1.0,-0.5,4.7,5.3,4.4,2.2,3.4,0.3,0.5,4.4,1.4,3.1,1.1,5.8,3.2,4.0,6.1,5.1,-0.1,7.5,4.0,1.9,3.0,0.5,-3.5,-3.3,1.3,1.8,1.2,-3.3,5.0,2.9,0.9,2.0,2.0,2.0,2.0,2.0
Brunei Darussalam,5.13,6.86,4.2,4.14,4.26,0.96,-2.7,2.0,1.1,-1.1,1.1,3.1,4.8,0.3,3.1,4.5,2.9,-1.5,-0.6,3.1,2.9,2.7,3.9,2.9,0.5,0.4,4.4,0.2,-1.9,-1.8,2.6,3.7,0.9,-2.1,-2.5,-0.4,-2.5,1.3,0.1,3.9,1.1,-1.6,-1.5,3.3,3.0,3.0,3.0,3.0,3.0
Bulgaria,5.7,5.3,4.2,3.0,4.6,1.8,5.3,4.7,2.4,-0.5,-9.1,-10.8,-8.4,-11.6,-3.7,-1.6,-8.0,-14.1,3.8,-8.4,4.6,3.8,5.9,5.2,6.5,7.1,6.8,6.7,6.1,-3.3,1.5,2.1,0.8,-0.6,1.0,3.4,3.0,2.8,2.7,4.0,-4.0,7.6,3.4,1.4,3.0,3.0,3.0,3.0,3.0
Burkina Faso,4.0,2.7,1.4,-1.2,1.6,11.3,8.0,-0.2,5.8,2.2,-0.6,9.1,0.2,3.5,1.3,5.7,11.0,6.3,7.3,7.3,1.9,6.6,4.4,7.8,4.5,8.7,6.3,4.1,5.8,3.0,8.4,6.6,6.5,5.8,4.3,3.9,6.0,6.2,6.6,5.7,1.9,6.9,2.5,4.9,5.0,5.0,5.0,5.0,5.0
Burundi,-6.8,12.2,-1.1,3.7,0.2,11.8,3.2,5.5,5.0,1.3,3.5,5.8,1.0,-6.2,-3.8,-7.9,-8.0,0.4,4.8,1.2,1.8,1.7,2.4,2.5,3.8,4.4,5.4,3.5,4.9,3.8,5.1,4.0,4.4,4.9,4.2,-3.9,-0.6,0.5,1.6,1.8,0.3,3.1,1.8,3.3,3.0,3.0,3.0,3.0,3.0
Cabo Verde,5.3,8.4,2.8,9.5,3.8,8.6,2.9,4.3,6.0,5.7,0.7,1.4,3.0,7.3,6.9,7.5,6.7,7.6,8.4,11.9,7.3,6.1,5.3,7.5,4.9,5.8,9.1,9.2,6.7,-1.3,1.5,4.0,1.1,0.8,0.6,1.0,4.7,3.7,14.6,5.7,-14.8,7.0,10.5,4.4,5.0,5.0,5.0,5.0,5.0
Cambodia,9.76,11.49,8.83,8.77,8.89,5.59,6.54,8.54,9.6,3.3,1.1,7.6,7.1,4.0,8.2,6.0,5.9,4.0,4.7,12.7,9.6,8.6,6.6,8.5,10.3,13.3,10.8,10.2,6.7,0.1,6.0,7.1,7.3,7.4,7.1,7.0,6.9,7.0,7.5,7.1,-3.1,3.0,5.0,5.8,6.0,6.0,6.0,6.0,6.0
Cameroon,9.9,17.1,7.6,6.8,7.5,8.1,6.8,-2.2,-7.9,-1.8,-6.2,-3.8,-3.1,-3.2,-2.5,3.3,4.9,5.3,4.9,4.1,3.4,3.4,4.8,5.0,6.6,1.2,3.5,4.1,2.9,2.6,2.9,3.5,4.5,5.0,5.8,5.6,4.5,3.5,4.0,3.4,0.5,3.6,3.4,4.3,4.0,4.0,4.0,4.0,4.0
Canada,2.2,3.5,-3.2,2.6,5.9,4.7,2.1,4.1,4.4,2.3,0.2,-2.1,0.9,2.7,4.5,2.7,1.6,4.3,3.9,5.2,5.2,1.8,3.0,1.8,3.1,3.2,2.6,2.1,1.0,-2.9,3.1,3.1,1.8,2.3,2.9,0.7,1.0,3.0,2.8,1.9,-5.1,5.0,3.4,1.5,2.0,2.0,2.0,2.0,2.0
Caribbean,4.3,2.2,0.2,-1.9,-0.2,-0.1,1.9,1.7,0.4,1.8,1.6,0.6,2.5,0.0,-0.5,5.0,4.2,3.6,3.1,3.8,3.2,1.7,2.8,5.8,3.2,3.4,6.5,3.7,1.8,-1.6,0.1,2.0,2.2,2.5,2.0,0.7,-0.8,0.4,1.7,0.7,-4.8,4.5,13.4,9.9,7.0,7.0,7.0,7.0,7.0
Central African Republic,-3.0,13.0,-3.6,-6.0,9.9,3.7,7.2,0.0,1.7,3.8,1.4,-0.8,-4.9,-1.2,12.6,3.2,-6.2,4.1,3.3,2.9,-3.6,2.6,2.1,-2.2,-0.1,2.9,4.8,4.0,2.6,2.8,4.6,4.2,5.1,-36.4,0.1,4.3,4.7,4.5,3.8,3.0,1.0,1.0,0.4,2.5,2.0,2.0,2.0,2.0,2.0
Central America,2.3,1.4,-1.8,0.9,2.1,0.2,2.2,4.4,0.1,3.2,1.8,2.2,7.3,5.4,3.4,4.7,3.8,5.6,5.4,4.1,3.6,2.2,3.4,2.1,3.8,5.6,7.0,7.0,4.4,-0.1,5.2,5.1,4.5,4.2,4.8,4.9,4.5,4.3,3.9,3.3,-7.2,11.0,5.3,3.8,4.0,4.0,4.0,4.0,4.0
Chad,-6.0,-10.8,5.4,15.7,5.3,7.9,6.0,3.6,7.5,2.0,3.2,10.4,2.4,-2.1,5.5,-0.8,2.1,5.7,7.0,-0.7,-0.9,11.7,8.5,14.7,33.6,8.3,0.6,3.3,3.1,4.1,13.6,0.1,8.8,5.8,6.9,1.8,-5.6,-2.4,2.4,3.4,-2.1,-1.1,2.5,3.5,4.0,4.0,4.0,4.0,4.0
Chile,7.9,6.2,-13.6,-2.8,5.9,2.0,5.6,6.6,7.3,10.6,3.7,7.8,11.2,6.6,5.0,8.9,5.0,7.4,4.2,-0.3,5.0,3.2,3.2,4.7,6.7,5.8,6.0,5.2,3.8,-1.1,5.9,6.2,6.2,3.3,1.8,2.2,1.8,1.4,4.0,0.7,-6.1,11.7,2.4,-1.0,2.0,2.0,2.0,2.0,2.0
"China, People's Republic of",7.9,5.1,9.0,10.8,15.2,13.5,8.9,11.7,11.2,4.2,3.9,9.0,14.3,13.9,13.0,11.0,9.9,9.2,7.9,7.7,8.5,8.3,9.1,10.0,10.1,11.4,12.7,14.2,9.6,9.4,10.6,9.6,7.8,7.8,7.4,7.0,6.9,6.9,6.8,6.0,2.2,8.4,3.0,5.2,5.0,5.0,5.0,5.0,5.0
Colombia,4.4,2.3,0.9,1.6,3.4,3.1,5.8,5.4,4.1,3.4,4.3,2.4,4.4,5.7,5.1,5.2,2.1,3.4,0.6,-4.2,2.9,1.7,2.5,3.9,5.3,4.4,6.7,6.7,3.3,1.1,4.5,6.9,3.9,5.1,4.5,3.0,2.1,1.4,2.6,3.2,-7.3,11.0,7.5,1.0,3.0,3.0,3.0,3.0,3.0
Comoros,7.4,5.5,4.1,3.1,4.2,2.9,2.2,2.2,5.1,-0.8,7.4,-6.2,7.4,2.5,-4.0,5.6,-0.5,4.4,0.0,2.7,-1.0,5.4,4.6,2.0,3.1,5.7,-1.8,0.8,4.0,3.2,3.8,4.1,3.2,4.5,2.1,1.1,3.3,3.8,3.6,1.8,-0.2,2.1,2.4,3.0,3.0,3.0,3.0,3.0,3.0
Costa Rica,0.8,-2.3,-7.3,2.9,8.0,0.7,5.5,4.8,3.4,5.7,3.6,2.3,9.2,7.1,4.5,4.2,1.4,5.5,7.2,4.2,3.9,3.5,3.4,4.3,4.4,4.0,7.3,8.2,4.7,-0.9,5.4,4.4,4.9,2.5,3.5,3.7,4.2,4.2,2.6,2.4,-4.3,7.8,4.3,2.7,3.0,3.0,3.0,3.0,3.0
Croatia,-0.66,-2.18,-1.86,-1.21,-0.25,-0.8,0.07,0.03,-0.03,0.2,-1.9,-6.03,-6.41,-8.0,5.9,6.6,5.9,6.6,1.9,-0.9,3.7,3.1,5.8,5.6,4.2,4.3,4.9,5.0,2.0,-7.2,-1.2,-0.1,-2.3,-0.4,-0.4,2.5,3.6,3.4,2.8,3.4,-8.6,13.1,6.3,1.7,3.0,3.0,3.0,3.0,3.0
Cyprus,5.9,3.1,6.3,5.3,8.8,4.7,3.6,7.1,8.3,8.1,7.4,0.7,9.4,0.7,5.9,9.9,1.2,2.6,6.1,5.0,6.0,4.0,3.7,2.6,5.0,4.9,4.7,5.1,3.6,-2.0,2.3,0.4,-3.4,-6.6,-1.8,3.4,6.6,5.7,5.6,5.5,-4.4,6.6,5.6,2.5,3.0,3.0,3.0,3.0,3.0
Czech Republic,7.56,7.2,5.96,7.64,9.93,7.44,8.17,9.57,9.47,10.21,7.94,6.14,10.23,7.64,9.17,8.59,4.5,-0.5,-0.4,1.4,4.0,3.0,1.6,3.6,4.8,6.6,6.8,5.6,2.7,-4.7,2.4,1.8,-0.8,0.0,2.3,5.4,2.5,5.2,3.2,3.0,-5.5,3.6,2.4,-0.5,2.0,2.0,2.0,2.0,2.0
Côte d'Ivoire,5.2,3.5,0.2,-2.5,-2.0,3.6,4.8,-0.5,1.1,3.0,-1.1,0.0,-0.3,-0.2,0.2,5.6,8.1,5.7,4.9,1.6,-2.1,0.1,-1.7,-1.4,1.2,1.7,1.5,1.8,2.5,3.3,2.0,-4.9,10.9,9.3,8.8,8.8,7.2,6.1,3.8,8.3,1.7,7.0,6.7,6.2,6.0,6.0,6.0,6.0,6.0
"Congo, Dem. Rep. of the",2.4,0.9,-0.5,1.4,4.8,0.5,4.7,2.7,0.5,-1.3,-6.6,-8.4,-10.5,-13.5,-6.1,2.8,-1.9,-7.8,-3.9,-3.8,-8.1,-2.1,2.9,6.6,7.7,9.8,5.1,8.5,7.4,0.6,7.8,7.6,8.7,9.6,7.3,6.4,0.4,3.7,4.8,4.5,1.7,6.2,6.6,6.3,6.0,6.0,6.0,6.0,6.0
Denmark,-0.5,-0.7,3.7,2.6,4.2,4.0,4.9,0.3,0.0,0.6,1.5,1.4,2.0,0.0,5.3,3.0,2.9,3.3,2.2,2.9,3.7,0.8,0.5,0.4,2.7,2.3,3.9,0.9,-0.5,-4.9,1.9,1.3,0.2,0.9,1.6,2.3,3.2,2.8,2.0,1.5,-2.0,4.9,3.6,0.0,1.0,1.0,1.0,1.0,1.0
Djibouti,-1.29,-1.93,-0.93,-1.76,-1.01,0.97,0.26,-0.42,1.75,0.48,-0.24,-4.5,0.6,-6.8,-1.4,-3.5,-3.7,-1.2,0.1,2.9,0.7,1.8,3.2,3.2,2.8,3.1,4.8,5.0,5.8,1.6,4.1,7.3,4.8,5.0,7.1,7.5,7.1,5.5,4.8,5.5,1.2,4.8,2.5,4.0,4.0,4.0,4.0,4.0,4.0
Dominica,13.4,10.8,4.1,2.6,4.2,1.4,7.1,6.3,7.8,-0.2,5.4,1.3,2.0,2.2,0.0,3.0,3.1,2.2,3.8,0.4,2.3,-0.1,-2.8,6.4,3.1,0.7,4.7,6.4,7.1,-1.2,0.7,-0.2,-1.1,-1.0,4.8,-2.7,2.8,-6.6,3.5,5.5,-16.6,4.8,6.0,4.9,3.0,3.0,3.0,3.0,3.0
Dominican Republic,8.0,4.3,1.7,4.6,1.3,-2.1,3.5,10.1,2.2,4.4,-5.5,0.9,11.2,7.4,2.6,5.7,6.0,8.9,6.7,5.9,4.7,2.5,4.5,-1.3,2.6,9.4,9.2,7.4,3.2,0.9,8.3,3.1,2.7,4.9,7.1,6.9,6.7,4.7,7.0,5.1,-6.7,12.3,4.9,4.2,5.0,5.0,5.0,5.0,5.0
East Asia,4.2,4.8,4.8,6.0,7.7,7.3,5.8,7.7,8.4,5.0,5.0,5.8,5.7,5.2,6.2,6.4,6.2,5.0,2.3,4.5,6.1,4.2,5.3,5.9,6.8,7.3,8.1,9.4,5.6,4.4,8.7,6.7,5.8,6.0,5.5,5.3,5.1,5.5,5.2,4.4,0.9,7.1,2.6,4.3,4.0,4.0,4.0,4.0,4.0
Eastern Europe ,-0.9,-2.6,0.5,4.5,2.9,1.6,3.1,2.4,1.4,0.1,-6.4,-10.2,-11.3,-6.8,-8.3,-1.6,-0.6,1.6,-1.3,3.7,7.2,4.5,4.3,6.1,7.2,5.7,7.5,7.7,4.8,-6.1,3.3,4.5,2.5,1.3,1.2,-0.1,1.4,3.2,3.8,3.0,-3.0,5.8,-0.6,0.6,2.0,2.0,2.0,2.0,2.0
Ecuador,4.9,3.9,1.2,-2.8,4.2,4.4,3.1,-6.0,10.5,0.3,3.0,5.1,3.6,2.0,4.3,2.3,1.7,4.3,3.3,-4.7,1.1,4.0,4.1,2.7,8.2,5.3,4.4,2.2,6.4,0.6,3.5,7.9,5.6,4.9,3.8,0.1,-1.2,2.4,1.3,0.0,-7.8,4.2,3.0,2.9,3.0,3.0,3.0,3.0,3.0
Egypt,3.4,2.2,7.3,8.9,8.0,7.4,4.8,4.3,4.0,3.0,2.3,2.1,0.3,2.9,4.2,4.5,4.9,5.9,7.5,6.1,5.4,3.5,3.2,3.2,4.1,4.5,6.8,7.1,7.2,4.7,5.1,1.8,2.2,3.3,3.3,4.4,4.5,2.4,5.3,5.5,3.5,3.3,6.6,3.7,4.0,4.0,4.0,4.0,4.0
El Salvador,-8.6,-5.7,-6.3,1.5,1.3,0.6,0.2,2.5,1.9,1.0,4.8,1.5,7.0,5.8,4.7,4.7,0.8,3.1,2.7,2.2,1.1,0.9,1.6,1.6,0.9,2.7,4.3,1.9,2.1,-2.1,2.1,3.8,2.8,2.2,1.7,2.4,2.5,2.3,2.4,2.4,-8.2,10.3,2.8,2.4,2.0,2.0,2.0,2.0,2.0
Emerging and Developing Asia,6.3,5.9,5.1,7.0,7.5,6.6,6.2,7.2,9.3,6.3,5.9,6.1,8.9,9.0,9.3,8.9,8.4,6.1,2.8,6.5,6.5,6.0,6.6,8.3,8.4,9.3,10.1,11.2,7.3,7.6,9.6,7.9,7.0,6.9,6.9,6.8,6.8,6.6,6.4,5.2,-0.5,7.5,4.4,5.3,5.0,5.0,5.0,5.0,5.0
Emerging and Developing Europe,-0.8,-0.5,1.4,4.6,4.1,2.4,4.4,5.0,1.6,0.1,-0.4,-5.7,-8.7,-4.4,-8.4,-0.3,0.3,2.7,-0.8,2.6,7.5,2.7,4.8,6.2,7.9,6.3,7.4,7.2,4.3,-5.7,4.4,6.1,3.2,2.9,1.9,1.0,1.8,4.2,3.6,2.5,-1.6,7.3,0.8,1.2,2.0,2.0,2.0,2.0,2.0
Emerging market and developing economies,3.3,1.9,1.5,1.8,4.1,3.5,4.3,4.0,4.5,3.5,4.1,4.5,2.5,3.0,3.1,4.0,5.1,4.7,2.3,3.5,5.7,3.6,4.4,6.9,7.9,7.1,7.9,8.4,5.7,2.8,7.4,6.4,5.4,5.0,4.7,4.4,4.4,4.7,4.7,3.6,-1.8,6.9,4.0,3.9,4.0,4.0,4.0,4.0,4.0
Equatorial Guinea,4.8,5.8,2.2,5.0,1.0,12.9,-2.3,4.4,2.7,-1.2,2.5,-1.2,33.0,10.5,16.8,26.5,52.7,148.0,24.8,26.4,110.5,60.0,19.6,14.5,30.4,8.2,6.5,15.3,17.8,1.3,-8.9,6.5,8.3,-4.1,0.4,-9.1,-8.8,-5.7,-6.2,-5.5,-4.2,-3.2,1.6,-1.8,-2.0,-2.0,-2.0,-2.0,-2.0
Eritrea,-0.69,-1.33,-0.33,-1.16,-0.41,1.57,0.86,0.18,2.35,1.08,0.36,-0.35,-0.92,12.9,20.9,2.3,9.1,7.9,2.0,0.2,-12.4,8.8,3.0,-2.7,1.5,2.6,-1.0,1.4,-19.4,12.2,10.9,25.7,1.9,-10.5,30.9,-20.6,7.4,-10.0,13.0,3.8,-0.5,2.9,2.6,2.8,3.0,3.0,3.0,3.0,3.0
Estonia,6.47,6.47,8.3,8.6,7.3,6.0,7.9,7.1,9.6,7.3,2.0,-6.9,-15.65,-7.46,-1.6,2.2,4.9,13.0,4.3,-0.4,10.1,6.0,6.8,7.6,6.8,9.5,9.8,7.6,-5.1,-14.6,2.4,7.3,3.2,1.5,3.0,1.9,3.2,5.8,3.8,3.7,-0.6,8.0,-1.3,-1.2,2.0,2.0,2.0,2.0,2.0
Eswatini,-3.8,6.9,1.4,-0.5,2.5,1.9,18.6,10.0,7.6,9.4,9.9,1.8,3.2,3.1,2.4,4.8,3.8,3.1,2.6,3.0,1.8,1.1,4.4,3.9,3.6,6.0,6.0,4.4,0.8,1.6,3.8,2.2,5.4,3.9,0.9,2.2,1.1,2.0,2.4,2.7,-1.6,7.9,0.5,2.8,2.0,2.0,2.0,2.0,2.0
Ethiopia,4.0,0.0,1.0,7.8,-2.3,-11.4,9.7,13.9,0.6,-0.5,2.6,-7.2,-8.9,13.4,3.5,6.1,13.5,2.8,-4.2,6.3,9.8,7.4,1.6,-2.1,11.7,12.6,11.5,11.8,11.2,10.0,10.6,11.4,8.7,9.9,10.3,10.4,8.0,10.2,7.7,9.0,6.1,6.3,6.4,6.1,7.0,7.0,7.0,7.0,7.0
Euro area,2.68,0.04,0.37,0.73,1.75,1.82,2.15,2.56,4.08,4.46,3.35,1.63,1.4,-0.8,2.5,2.9,1.6,2.6,3.0,2.9,3.8,2.2,0.9,0.7,2.3,1.7,3.2,3.0,0.4,-4.5,2.1,1.7,-0.9,-0.2,1.4,2.0,1.9,2.6,1.8,1.6,-6.1,5.4,3.5,0.8,2.0,2.0,2.0,2.0,2.0
Europe,1.4,0.0,0.7,2.0,2.5,2.5,2.7,2.9,3.9,3.4,2.4,1.0,-1.9,-1.8,0.2,1.6,1.2,2.7,2.1,3.1,4.6,2.7,1.8,2.3,3.5,2.9,4.3,4.2,1.6,-4.8,2.5,2.4,0.4,0.5,1.6,1.6,1.8,2.8,2.3,2.0,-5.5,5.7,2.4,0.6,2.0,2.0,2.0,2.0,2.0
European Union,1.8,0.1,0.6,1.7,2.5,2.2,2.7,2.6,3.8,3.6,2.7,1.4,1.0,-0.6,2.7,2.8,2.0,2.6,3.0,2.9,3.9,2.3,1.3,1.1,2.8,2.1,3.7,3.4,0.9,-4.2,2.1,2.0,-0.6,-0.1,1.7,2.5,2.0,3.0,2.3,2.0,-5.6,5.6,3.7,0.7,2.0,2.0,2.0,2.0,2.0
"Micronesia, Fed. States of",1.5,3.03,1.3,0.58,9.95,-1.15,2.68,-0.42,0.98,1.77,2.38,2.72,4.5,2.63,5.15,2.07,-3.1,-6.1,2.7,1.5,4.9,2.1,0.6,1.6,-3.1,2.1,-0.1,-1.9,-2.2,1.0,2.3,3.2,-1.9,-3.7,-2.3,4.6,0.9,2.7,0.2,1.2,-1.8,-3.2,-0.6,2.8,1.0,1.0,1.0,1.0,1.0
Fiji,-1.7,6.0,-1.1,-4.2,10.1,-3.8,6.6,-7.2,3.5,13.9,5.8,-2.7,6.1,2.6,5.1,2.6,4.8,-2.4,1.3,8.7,-1.7,1.9,3.2,0.8,5.4,-1.3,1.9,-0.9,1.0,-1.4,3.0,2.7,1.4,4.7,5.6,4.5,2.4,5.4,3.8,-0.6,-17.0,-5.1,14.5,7.0,4.0,4.0,4.0,4.0,4.0
Finland,5.7,1.3,3.1,3.1,3.2,3.5,2.7,3.6,5.2,5.1,0.2,-5.9,-3.3,-0.7,4.0,4.2,3.7,6.3,5.5,4.4,5.8,2.6,1.7,2.0,4.0,2.8,4.0,5.3,0.8,-8.1,3.2,2.5,-1.4,-0.9,-0.4,0.5,2.8,3.2,1.1,1.2,-2.4,3.0,2.1,0.0,1.0,1.0,1.0,1.0,1.0
France,1.8,1.1,2.5,1.3,1.6,1.7,2.3,2.6,4.6,4.5,2.9,1.1,1.5,-0.7,2.4,2.3,1.4,2.3,3.6,3.3,4.1,1.9,1.2,0.8,2.6,1.7,2.6,2.4,0.2,-2.8,1.8,2.2,0.4,0.7,1.0,1.1,1.0,2.4,1.8,1.9,-7.9,6.8,2.6,0.7,1.0,1.0,1.0,1.0,1.0
Gabon,0.0,-4.0,4.1,2.0,4.9,5.8,-2.1,-15.4,3.5,15.4,5.1,6.1,-3.1,3.9,3.7,5.0,3.6,5.7,3.5,-8.9,-1.9,2.1,0.2,1.7,1.1,-0.8,-1.9,6.3,1.7,-2.3,6.3,7.1,5.3,5.5,4.4,3.9,2.1,0.5,0.8,3.9,-1.9,1.5,2.8,3.0,3.0,3.0,3.0,3.0,3.0
Georgia,6.97,6.97,8.8,9.1,7.8,6.5,8.4,7.6,10.1,7.8,2.5,-21.1,-44.9,-29.3,-10.4,2.6,10.5,10.5,3.1,2.9,1.8,4.8,5.5,11.1,5.8,9.6,9.4,12.6,2.4,-3.7,6.2,7.4,6.4,3.6,4.4,3.0,2.9,4.8,4.8,5.0,-6.8,10.5,10.1,4.0,5.0,5.0,5.0,5.0,5.0
Germany,1.3,0.1,-0.8,1.6,2.8,2.2,2.4,1.5,3.7,3.9,5.7,5.0,1.9,-1.0,2.4,1.5,0.8,1.8,2.0,1.9,2.9,1.7,-0.2,-0.7,1.2,0.7,3.8,3.0,1.0,-5.7,4.2,3.9,0.4,0.4,2.2,1.5,2.2,2.7,1.0,1.1,-3.7,2.6,1.8,-0.1,2.0,2.0,2.0,2.0,2.0
Ghana,0.5,-3.8,-8.3,-6.2,9.4,6.4,6.2,6.7,6.5,4.5,3.6,4.8,4.5,4.8,3.5,4.2,4.8,5.8,5.0,4.5,3.6,3.8,4.6,5.1,5.4,6.2,5.8,4.1,9.0,5.7,7.8,13.9,8.4,7.2,2.9,2.1,3.4,8.1,6.2,6.5,0.5,5.4,3.2,1.6,5.0,5.0,5.0,5.0,5.0
Greece,0.7,-1.6,-1.1,-1.1,2.0,2.5,0.5,-2.3,4.3,3.8,0.0,3.1,0.7,-1.6,2.0,2.1,2.9,4.5,3.9,3.1,3.9,4.1,3.9,5.8,5.1,0.6,5.7,3.3,-0.3,-4.3,-5.5,-10.1,-7.1,-2.5,0.5,-0.2,-0.5,1.1,1.7,1.9,-9.0,8.4,5.9,2.6,1.0,1.0,1.0,1.0,1.0
Grenada,15.1,1.4,4.1,3.3,4.0,6.0,7.4,9.1,2.9,3.8,4.2,1.4,-0.8,-2.0,1.8,2.2,4.4,4.9,11.8,7.0,5.1,-2.0,3.4,9.5,-0.6,13.3,-4.0,6.1,0.9,-6.6,-0.5,0.8,-1.2,2.4,7.3,6.4,3.7,4.4,4.4,0.7,-13.8,4.7,6.0,3.7,3.0,3.0,3.0,3.0,3.0
Guatemala,3.7,0.6,-3.5,-2.5,0.5,-0.6,0.1,3.6,3.9,3.9,3.1,3.0,4.6,3.4,3.5,4.4,2.8,4.1,4.6,3.7,2.5,2.4,4.2,2.6,3.0,3.1,5.6,6.0,3.7,0.6,2.8,4.4,3.1,3.5,4.4,4.1,2.7,3.1,3.4,4.0,-1.8,8.0,4.0,3.4,4.0,4.0,4.0,4.0,4.0
Guinea,2.6,0.6,1.8,1.3,1.4,5.0,3.1,3.3,6.3,4.0,4.3,2.5,3.3,5.0,4.0,4.7,4.5,5.2,3.6,3.8,2.5,3.7,5.2,1.2,2.3,3.0,2.5,6.5,4.1,-1.5,4.2,5.6,5.9,3.9,3.7,3.8,10.8,10.3,6.4,5.6,4.9,4.3,4.3,5.6,5.0,5.0,5.0,5.0,5.0
Guinea-Bissau,3.03,-0.5,4.2,-3.4,5.5,4.3,-1.0,5.6,2.0,2.9,4.6,7.3,3.1,2.3,3.0,4.0,3.7,6.0,-22.4,16.8,1.1,4.8,3.7,-0.3,1.2,6.6,2.7,2.6,4.5,2.4,5.6,8.1,-1.7,3.3,1.0,6.1,5.3,4.8,3.8,4.5,1.5,6.4,3.5,4.5,4.0,4.0,4.0,4.0,4.0
Guyana,-2.1,0.6,-8.9,-11.5,2.1,0.4,-0.2,-0.1,-6.0,-4.9,-3.0,6.0,7.8,8.2,8.5,5.1,8.0,6.2,-1.7,3.0,-1.3,2.3,1.1,-0.7,1.6,-1.9,5.1,7.0,2.0,3.3,4.4,5.4,5.0,3.7,1.7,0.7,3.8,3.7,4.4,5.4,43.5,20.1,62.3,37.2,19.0,19.0,19.0,19.0,19.0
Haiti,7.3,1.1,-2.8,-1.5,0.2,0.8,0.3,-0.4,0.6,-1.1,-0.4,1.3,-2.3,-4.9,-11.6,9.9,4.1,2.7,2.2,2.7,0.9,-0.3,1.1,3.5,-1.3,3.1,1.8,4.7,2.7,5.9,-5.7,5.1,0.5,4.3,1.7,2.6,1.8,2.5,1.7,-1.7,-3.3,-1.8,-1.7,0.3,0.0,0.0,0.0,0.0,0.0
Honduras,0.6,-1.2,-2.1,0.9,6.3,5.6,5.3,6.6,1.7,2.7,2.8,-3.3,6.1,6.5,0.2,6.2,1.9,4.6,3.6,-0.7,7.3,2.7,3.8,4.5,6.2,6.1,6.6,6.2,4.2,-2.4,3.7,3.8,4.1,2.8,3.1,3.8,3.9,4.8,3.8,2.7,-9.0,12.5,4.0,3.7,4.0,4.0,4.0,4.0,4.0
Hong Kong SAR,10.3,9.2,2.9,6.0,10.0,0.7,11.1,13.4,8.5,2.3,3.8,5.7,6.2,6.2,6.0,2.4,4.3,5.1,-5.9,2.5,7.7,0.6,1.7,3.1,8.7,7.4,7.0,6.5,2.1,-2.5,6.8,4.8,1.7,3.1,2.8,2.4,2.2,3.8,2.8,-1.7,-6.5,6.4,-3.5,3.5,3.0,3.0,3.0,3.0,3.0
Hungary,0.2,2.9,2.8,0.7,2.7,-0.3,1.5,4.1,-0.1,0.7,-3.5,-11.9,-3.1,-0.6,2.9,2.5,0.1,3.1,3.9,3.1,4.5,4.1,4.7,4.1,5.0,4.3,3.9,0.3,1.0,-6.6,1.1,1.9,-1.3,1.8,4.2,3.7,2.2,4.3,5.4,4.9,-4.5,7.1,4.9,0.5,3.0,3.0,3.0,3.0,3.0
Iceland,5.7,4.3,2.2,-2.2,4.1,3.3,6.3,8.5,-0.1,0.3,1.2,-0.2,-3.4,1.3,3.6,0.1,4.6,5.8,7.4,4.0,5.0,4.0,0.6,2.1,7.8,6.1,6.3,8.5,2.2,-7.7,-2.8,1.8,1.1,4.6,1.7,4.4,6.3,4.2,4.9,1.8,-7.2,4.3,6.4,2.3,2.0,2.0,2.0,2.0,2.0
India,5.3,6.0,3.5,7.3,3.8,5.3,4.8,4.0,9.6,5.9,5.5,1.1,5.5,4.8,6.7,7.6,7.5,4.0,6.2,8.5,4.0,4.9,3.9,7.9,7.8,9.3,9.3,9.8,3.9,8.5,10.3,6.6,5.5,6.4,7.4,8.0,8.3,6.8,6.5,3.9,-5.8,9.1,6.8,5.9,6.0,6.0,6.0,6.0,6.0
Indonesia,9.9,7.6,2.2,4.2,7.6,3.9,7.2,6.6,7.0,9.1,9.0,8.9,6.5,8.0,7.5,8.2,7.8,4.7,-13.1,0.8,5.0,3.6,4.5,4.8,5.0,5.7,5.5,6.3,7.4,4.7,6.4,6.2,6.0,5.6,5.0,4.9,5.0,5.1,5.2,5.0,-2.1,3.7,5.3,5.0,5.0,5.0,5.0,5.0,5.0
Iran,-21.6,-5.7,23.2,11.1,-7.1,1.9,-9.8,-0.2,-6.1,6.1,13.6,12.7,3.3,-1.5,-1.7,2.4,6.4,1.4,2.1,2.0,5.8,2.4,8.1,8.6,4.3,3.2,5.0,8.2,0.3,1.0,5.8,2.6,-3.7,-1.5,5.0,-1.4,8.8,2.8,-1.8,-3.1,3.3,4.7,2.5,2.0,2.0,2.0,2.0,2.0,2.0
Iraq,4.16,6.78,1.19,7.78,11.11,5.95,4.11,6.82,4.17,3.95,6.37,8.19,18.15,8.47,8.77,8.79,7.69,10.46,9.1,24.8,-4.3,-6.6,-7.8,81.8,53.4,1.7,5.6,1.9,8.2,3.4,6.4,7.5,13.9,7.6,0.7,2.5,15.2,-3.4,4.7,5.8,-15.7,7.7,8.1,3.7,4.0,4.0,4.0,4.0,4.0
Ireland,2.9,2.5,1.5,-0.7,3.2,1.9,0.4,3.6,3.0,5.6,7.7,1.6,3.6,2.3,5.9,9.6,9.1,10.7,8.8,10.5,9.4,5.3,5.9,3.0,6.8,5.7,5.0,5.3,-4.5,-5.1,1.7,0.8,0.0,1.1,8.6,24.4,2.0,9.0,8.5,5.4,6.2,13.6,12.0,5.6,5.0,5.0,5.0,5.0,5.0
Israel,3.6,4.7,1.4,2.6,2.2,4.5,3.6,7.5,3.6,1.4,6.6,4.6,7.2,3.8,7.0,9.7,5.9,3.8,4.1,3.3,8.7,0.3,-0.1,1.4,4.8,4.1,5.6,6.0,3.3,0.9,5.7,5.6,2.6,4.4,3.9,2.5,4.5,4.3,4.1,4.2,-1.9,8.6,6.4,2.9,3.0,3.0,3.0,3.0,3.0
Italy,3.1,0.6,0.2,0.9,3.0,2.6,2.7,3.1,4.0,3.3,2.0,1.4,0.7,-0.8,2.1,2.7,1.3,1.8,1.8,1.6,3.8,2.0,0.3,0.1,1.4,0.8,1.8,1.5,-1.0,-5.3,1.7,0.7,-3.0,-1.8,0.0,0.8,1.3,1.7,0.9,0.5,-9.0,7.0,3.7,0.7,1.0,1.0,1.0,1.0,1.0
Jamaica,-4.0,4.4,3.1,4.2,0.9,-0.9,7.0,7.7,-4.0,4.7,4.9,0.8,2.8,2.2,1.9,2.5,0.2,-1.6,-1.2,1.0,0.8,1.3,0.7,3.7,1.3,0.9,2.9,1.4,-0.8,-3.4,-1.4,1.4,-0.5,0.2,0.6,0.9,1.5,0.7,1.8,1.0,-9.9,4.6,4.0,2.2,2.0,2.0,2.0,2.0,2.0
Japan,3.2,4.2,3.3,3.5,4.5,5.2,3.3,4.7,6.8,4.9,4.9,3.4,0.8,-0.5,0.9,2.6,3.1,1.0,-1.3,-0.3,2.8,0.4,0.0,1.5,2.2,1.8,1.4,1.5,-1.2,-5.7,4.1,0.0,1.4,2.0,0.3,1.6,0.8,1.7,0.6,-0.4,-4.3,2.1,1.1,1.3,1.0,1.0,1.0,1.0,1.0
Jordan,11.1,15.0,5.8,1.4,5.5,-1.1,5.9,2.7,2.9,-10.7,-1.6,-5.7,16.9,4.4,5.0,6.0,1.9,3.7,3.2,3.2,4.2,5.0,6.6,4.0,8.3,8.8,8.5,8.4,7.4,5.0,2.3,2.7,2.4,2.6,3.4,2.5,2.0,2.5,1.9,1.9,-1.6,2.2,2.7,2.7,3.0,3.0,3.0,3.0,3.0
Kazakhstan,6.57,6.57,8.4,8.7,7.4,6.1,8.0,7.2,9.7,7.4,2.1,-6.8,-15.55,-9.2,-12.6,-8.2,0.5,1.7,-1.9,2.7,9.8,13.5,9.8,9.3,9.6,9.7,10.7,8.9,3.3,1.2,7.3,7.5,5.0,5.9,4.3,1.0,0.9,3.9,4.1,4.5,-2.6,4.1,3.2,4.3,3.0,3.0,3.0,3.0,3.0
Kenya,5.6,4.1,5.1,1.6,1.6,4.1,7.0,5.8,6.1,4.6,4.1,1.3,-1.1,-0.1,2.5,4.3,4.5,0.4,3.0,2.2,0.3,4.0,0.5,2.9,4.6,5.7,5.9,6.9,0.2,3.3,8.1,5.1,4.6,3.8,5.0,5.0,4.2,3.8,5.7,5.1,-0.3,7.5,5.4,5.3,5.0,5.0,5.0,5.0,5.0
Kiribati,0.1,0.2,0.7,-2.7,2.4,-4.5,1.0,0.4,9.1,-3.1,-1.3,0.1,1.3,1.0,1.8,-0.1,1.1,2.0,6.9,-1.8,6.0,-1.4,4.0,2.0,-1.6,5.0,0.0,2.0,-2.1,0.8,-1.1,1.8,5.1,4.2,-1.1,9.9,-0.5,-0.1,5.3,-2.1,-1.4,7.9,1.2,2.5,2.0,2.0,2.0,2.0,2.0
Kosovo,6.19,4.66,4.99,5.63,6.6,6.04,6.92,6.88,6.82,7.05,4.95,0.82,0.44,0.53,2.98,5.85,7.47,7.54,7.14,6.41,8.27,4.6,-0.4,2.6,0.6,4.5,3.6,8.3,1.8,5.0,4.9,6.3,1.7,5.3,3.3,5.9,5.6,4.8,3.4,4.8,-5.3,10.7,2.7,3.5,4.0,4.0,4.0,4.0,4.0
Kuwait,-20.4,-18.9,-9.5,5.3,5.2,-4.3,8.6,8.1,-10.0,25.9,-26.2,-41.0,82.8,35.1,8.6,1.7,0.6,2.5,3.7,-1.8,4.7,0.2,3.0,17.3,10.8,10.1,7.5,6.0,2.5,-7.1,-2.4,9.6,6.6,1.2,0.5,0.6,2.9,-4.7,2.4,-0.6,-8.9,1.3,8.2,0.9,2.0,2.0,2.0,2.0,2.0
Kyrgyz Republic,-2.13,-2.13,-0.3,0.0,-1.3,-2.6,-0.7,-1.5,1.0,-1.3,-6.6,-15.5,-24.25,-13.0,-19.8,-5.4,7.1,9.9,2.1,3.7,5.4,5.3,0.0,7.0,7.0,-0.2,3.1,8.5,7.6,2.9,-0.5,6.0,-0.1,10.9,4.0,3.9,4.3,4.7,3.5,4.6,-8.6,3.7,7.0,3.5,4.0,4.0,4.0,4.0,4.0
Lao P.D.R.,10.0,15.3,4.7,3.0,6.4,9.1,4.8,-1.0,-2.1,9.9,6.7,4.0,7.0,5.9,8.2,7.0,6.9,6.9,4.3,4.0,6.4,4.8,6.8,6.2,7.2,6.9,9.0,7.9,7.8,7.4,8.0,8.0,7.8,8.0,7.6,7.3,7.0,6.9,6.3,4.7,-0.4,2.1,2.3,4.0,4.0,4.0,4.0,4.0,4.0
Latin America and the Caribbean,6.4,0.9,-0.5,-2.8,3.9,3.2,4.3,3.3,1.1,1.1,0.6,3.8,3.3,4.0,4.7,1.3,3.8,5.3,2.5,0.2,3.7,0.6,0.4,2.0,6.1,4.4,5.4,5.6,4.0,-1.9,6.1,4.6,3.0,2.9,1.4,0.4,-0.6,1.4,1.2,0.2,-6.8,7.0,4.0,1.6,2.0,2.0,2.0,2.0,2.0
Latvia,6.07,6.07,7.9,8.2,6.9,5.6,7.5,6.7,9.2,6.9,1.6,-7.3,-16.05,-11.4,2.2,-2.1,2.6,8.8,6.3,2.8,5.7,6.3,7.1,8.4,8.3,10.7,12.0,9.9,-3.2,-14.3,-4.5,2.6,7.0,2.0,1.9,3.9,2.4,3.3,4.0,2.6,-2.2,4.1,2.0,0.4,2.0,2.0,2.0,2.0,2.0
Lebanon,1.5,0.5,-36.8,22.7,44.5,24.3,-6.8,16.7,-28.2,-42.2,-13.4,38.2,4.5,7.0,8.0,6.5,4.0,10.2,3.9,-0.8,1.1,3.9,3.4,1.7,7.5,0.7,1.5,9.3,9.1,10.2,8.0,0.9,2.6,3.8,2.5,0.5,1.6,0.9,-1.9,-6.9,-25.9,6.94,8.75,5.65,6.0,6.0,6.0,6.0,6.0
Lesotho,-0.8,3.1,5.6,3.0,4.3,3.3,4.1,2.1,7.7,5.5,5.2,4.8,6.2,3.8,4.5,2.8,4.9,3.5,1.4,1.6,4.9,3.3,1.6,4.1,2.4,3.1,4.4,5.0,3.8,0.4,5.1,5.1,5.1,1.8,2.1,3.2,1.9,-2.7,-1.3,-2.0,-3.9,2.1,2.1,2.2,2.0,2.0,2.0,2.0,2.0
Liberia,6.71,6.07,7.07,6.24,6.99,8.97,8.26,7.58,9.75,8.48,7.76,7.05,6.48,6.7,6.5,9.25,9.69,11.24,8.39,8.46,9.29,2.8,4.4,-29.0,4.0,5.9,8.5,13.1,6.1,5.2,6.4,7.7,8.4,8.8,0.7,0.0,-1.6,2.5,1.2,-2.5,-3.0,5.0,4.8,4.3,5.0,5.0,5.0,5.0,5.0
Libya,0.6,-20.0,1.5,-4.7,-8.3,0.6,-11.4,-14.7,7.6,7.2,3.7,18.3,-4.5,-5.5,3.2,-15.4,1.8,-2.6,-0.7,-0.2,4.0,2.6,-3.7,16.1,5.8,10.6,0.3,6.2,-0.2,-4.4,5.0,-50.3,86.8,-18.0,-23.0,-0.8,-1.5,32.5,7.9,-11.2,-29.5,28.3,-12.8,17.5,6.0,6.0,6.0,6.0,6.0
Lithuania,6.77,6.77,8.6,8.9,7.6,6.3,8.2,7.4,9.9,7.6,2.3,-6.6,-15.35,-7.16,-9.55,-1.04,5.2,8.3,7.5,-1.1,3.7,6.5,6.8,10.6,6.6,7.7,7.4,11.1,2.6,-14.8,1.7,6.0,3.8,3.6,3.5,2.0,2.5,4.3,4.0,4.6,0.0,6.0,1.9,-0.3,2.0,2.0,2.0,2.0,2.0
Luxembourg,3.2,0.8,1.0,1.9,4.7,5.6,10.0,4.0,8.5,9.8,5.3,8.6,1.8,4.2,3.8,1.4,1.5,5.9,6.5,8.4,8.4,3.1,3.2,2.6,4.2,2.5,6.0,8.1,-0.3,-3.2,3.8,1.0,1.6,3.2,2.6,2.3,5.0,1.3,1.2,2.3,-0.8,5.1,1.5,1.1,2.0,2.0,2.0,2.0,2.0
Macao SAR,11.94,11.58,10.34,12.02,14.31,11.82,12.55,13.95,13.85,14.59,12.32,10.52,14.61,12.02,13.55,12.97,12.72,14.5,12.71,12.92,14.37,12.01,8.9,11.6,26.6,8.1,13.4,14.5,3.4,1.3,25.1,21.6,9.2,10.8,-2.0,-21.5,-0.7,10.0,6.5,-2.5,-54.2,19.3,-26.8,58.9,7.0,7.0,7.0,7.0,7.0
Madagascar,0.8,-9.8,-1.9,0.9,1.8,1.2,2.0,1.2,3.4,4.1,3.1,-6.3,1.2,2.1,0.0,1.7,2.2,3.7,3.9,4.7,4.5,6.0,-12.4,9.8,5.3,4.8,5.4,5.7,6.7,-4.0,0.6,1.6,3.0,2.3,3.3,3.1,4.0,3.9,3.2,4.4,-7.1,5.7,4.2,4.2,4.0,4.0,4.0,4.0,4.0
Major advanced economies (G7),0.9,2.0,-0.1,3.3,5.0,3.8,3.0,3.5,4.7,3.8,2.8,1.2,2.1,1.1,3.0,2.5,2.7,3.2,2.9,3.2,3.8,1.2,1.1,1.9,2.9,2.5,2.5,2.1,0.0,-3.7,2.9,1.6,1.4,1.4,1.9,2.1,1.5,2.2,2.1,1.6,-4.5,5.3,2.3,1.1,2.0,2.0,2.0,2.0,2.0
Malawi,0.4,-5.2,2.5,3.7,5.4,4.6,-0.2,1.6,3.2,1.3,5.7,8.7,-7.3,9.7,-10.3,13.8,10.0,6.6,1.1,3.5,0.8,-4.1,1.8,5.7,5.4,3.3,4.7,9.6,7.6,8.3,6.9,4.9,1.9,5.2,5.7,3.0,2.3,4.0,4.4,5.4,0.9,4.6,0.8,2.4,4.0,4.0,4.0,4.0,4.0
Malaysia,7.4,6.9,5.9,6.3,7.8,-0.9,1.2,5.4,9.9,9.1,9.0,9.5,8.9,9.9,9.2,9.8,10.0,7.3,-7.4,6.1,8.7,0.5,5.4,5.8,6.8,5.0,5.6,6.3,4.8,-1.5,7.5,5.3,5.5,4.7,6.0,5.0,4.4,5.8,4.8,4.4,-5.5,3.1,8.7,4.5,4.0,4.0,4.0,4.0,4.0
Maldives,18.8,7.9,7.5,4.4,17.4,13.8,8.6,8.9,8.7,9.3,-4.0,6.9,6.5,5.4,7.5,7.4,9.1,10.4,9.8,7.2,4.8,3.5,6.1,25.4,6.0,-13.1,26.1,7.7,9.5,-7.2,7.3,8.6,2.5,7.3,7.3,2.9,6.3,7.2,8.1,6.9,-33.4,41.7,12.3,7.2,7.0,7.0,7.0,7.0,7.0
Mali,3.3,-4.5,-11.6,3.2,2.4,3.2,6.1,2.5,0.1,10.7,9.3,7.7,-1.6,3.6,3.8,3.0,7.3,4.8,2.9,6.2,-0.1,15.4,3.1,9.1,1.6,6.5,4.7,3.5,4.8,4.7,5.4,3.2,-0.8,2.3,7.1,6.2,5.9,5.3,4.7,4.8,-1.2,3.1,3.7,5.0,5.0,5.0,5.0,5.0,5.0
Malta,7.0,2.7,0.1,2.6,0.8,2.4,3.8,5.7,6.8,7.1,4.7,5.9,8.1,3.9,4.6,6.9,4.0,4.8,3.4,3.8,-1.0,-1.2,2.6,4.1,0.1,3.4,2.5,4.8,3.8,-1.1,5.5,0.5,4.1,5.5,7.6,9.6,3.4,10.9,6.2,7.0,-8.6,11.8,6.9,3.5,4.0,4.0,4.0,4.0,4.0
Marshall Islands,4.0,5.53,3.8,3.08,12.45,1.35,5.18,2.08,3.48,4.27,4.88,5.22,7.0,5.13,7.65,4.57,3.46,0.21,-0.7,-1.1,1.5,6.7,3.7,-1.6,-0.3,2.3,-0.2,3.4,-6.4,2.6,6.8,-0.6,-2.2,3.9,-1.0,1.6,1.4,3.3,3.1,6.8,-1.6,1.7,1.3,3.0,2.0,2.0,2.0,2.0,2.0
Mauritania,5.86,5.22,6.22,5.39,6.14,8.12,7.41,6.73,8.9,7.63,6.91,0.0,1.8,5.9,-3.1,9.8,5.8,-4.0,2.8,3.7,-3.9,-0.8,1.4,6.9,4.7,8.6,18.3,-2.0,-0.3,0.1,2.6,4.2,4.5,4.2,4.3,5.4,1.3,6.3,4.8,5.4,-0.9,2.4,5.0,4.4,4.0,4.0,4.0,4.0,4.0
Mauritius,-10.1,5.9,5.5,0.4,4.8,6.9,9.7,10.2,6.8,4.5,7.2,4.4,6.5,5.1,4.1,4.3,5.6,5.7,6.1,2.6,8.2,3.2,1.6,6.0,4.3,1.5,4.5,5.7,5.4,3.3,4.4,4.1,3.5,3.4,3.8,3.7,3.9,3.9,4.0,2.9,-14.6,3.5,8.3,4.6,4.0,4.0,4.0,4.0,4.0
Mexico,9.5,8.5,-0.5,-3.5,3.4,2.2,-3.1,1.7,1.3,4.1,5.2,4.2,3.5,2.7,4.9,-6.3,6.8,6.8,5.2,2.8,4.9,-0.4,0.0,1.4,3.9,2.3,4.5,2.3,1.1,-5.3,5.1,3.7,3.6,1.4,2.8,3.3,2.6,2.1,2.2,-0.2,-8.0,4.7,3.1,1.8,2.0,2.0,2.0,2.0,2.0
Middle East (Region),-3.5,0.4,-2.4,-1.1,-1.4,-1.6,1.9,-0.5,2.8,4.3,12.1,10.5,7.4,1.6,1.9,2.7,4.2,3.2,2.9,1.1,6.1,0.8,2.3,12.4,10.5,4.7,5.8,5.2,4.6,0.3,5.2,6.7,3.8,2.9,3.7,2.5,5.4,0.6,1.5,0.4,-3.6,4.3,6.2,2.7,3.0,3.0,3.0,3.0,3.0
Middle East and Central Asia,-1.9,-0.2,0.4,0.7,0.3,1.2,2.0,-0.1,3.3,4.3,8.7,8.5,4.9,0.2,1.4,1.7,4.5,3.0,3.6,2.3,5.5,2.5,3.1,10.2,8.8,5.9,6.2,5.9,4.9,1.2,5.0,4.7,5.1,3.0,3.4,3.0,4.3,2.2,2.8,1.6,-2.7,4.6,5.3,2.9,3.0,3.0,3.0,3.0,3.0
Moldova,-1.98,-1.98,-0.15,0.15,-1.15,-2.45,-0.55,-1.35,1.15,-1.15,-6.45,-17.5,-29.7,-1.2,-30.9,-1.4,-5.9,1.6,-6.5,-3.4,2.1,6.1,7.8,6.6,7.4,7.5,4.8,3.0,7.8,-6.0,7.1,5.8,-0.6,9.0,5.0,-0.3,4.4,4.2,4.1,3.6,-8.3,13.9,-5.6,2.0,2.0,2.0,2.0,2.0,2.0
Mongolia,6.4,8.4,8.3,5.8,5.9,5.7,9.4,3.5,5.1,4.2,-2.5,-9.2,-9.3,-3.2,2.1,6.4,2.2,3.9,3.3,3.1,1.1,4.6,5.3,7.4,9.4,6.5,8.2,8.8,7.8,-2.1,7.3,17.3,12.3,11.6,7.9,2.4,1.5,5.6,7.7,5.6,-4.6,1.6,4.8,4.5,5.0,5.0,5.0,5.0,5.0
Montenegro,5.59,4.07,4.4,5.04,6.0,5.45,6.32,6.28,6.22,6.45,4.35,0.23,-0.16,-0.07,2.38,5.25,6.87,6.94,6.54,5.82,7.68,1.1,1.9,2.5,4.4,4.2,8.6,6.8,7.2,-5.8,2.7,3.2,-2.7,3.5,1.8,3.4,2.9,4.7,5.1,4.1,-15.3,13.0,6.4,3.2,3.0,3.0,3.0,3.0,3.0
Morocco,3.8,-2.8,9.6,-0.6,4.3,6.3,8.3,-2.5,10.4,2.4,4.0,7.2,-2.1,-0.7,10.6,-5.4,12.4,-1.6,7.2,1.1,1.9,7.3,3.1,6.0,4.8,3.3,7.6,3.5,5.9,4.2,3.8,5.2,3.0,4.5,2.7,4.3,0.5,5.1,3.1,2.9,-7.2,7.9,1.1,3.0,3.0,3.0,3.0,3.0,3.0
Mozambique,4.2,5.0,-6.9,-15.7,-6.5,1.0,-2.3,14.7,8.2,6.5,1.0,6.6,-6.1,10.6,6.5,2.3,11.2,11.3,9.9,11.7,1.2,12.1,9.3,6.9,7.9,6.6,9.7,7.7,7.3,6.3,6.5,7.4,7.3,7.0,7.4,6.7,3.8,3.7,3.4,2.3,-1.2,2.3,4.1,5.0,5.0,5.0,5.0,5.0,5.0
Myanmar,14.13,15.86,13.2,13.14,13.26,9.96,10.91,12.91,14.79,15.31,14.16,13.86,14.48,14.41,15.51,15.11,14.78,12.38,6.06,8.4,12.4,12.5,9.9,13.2,15.3,13.6,13.3,12.5,7.6,4.4,5.2,5.5,6.5,7.9,8.2,7.5,6.4,5.8,6.4,6.8,3.2,-17.9,2.0,2.6,3.0,3.0,3.0,3.0,3.0
Namibia,-2.63,-3.27,-2.27,-3.11,-2.35,-0.37,-1.08,-1.77,0.41,-0.87,-1.58,5.3,9.3,-1.6,3.0,4.1,3.2,4.2,3.3,3.4,3.5,2.4,6.7,3.5,6.6,4.7,3.9,3.6,2.6,0.3,6.0,5.1,5.1,5.6,6.1,4.3,0.0,-1.0,1.1,-0.8,-8.0,2.7,3.8,2.8,3.0,3.0,3.0,3.0,3.0
Nauru,4.8,6.33,4.6,3.88,13.25,2.15,5.98,2.88,4.28,5.07,5.68,6.02,7.8,5.93,8.45,5.37,4.26,1.01,4.81,3.76,2.8,3.0,4.47,3.84,3.55,-8.0,-8.3,-6.8,63.3,-6.0,-0.3,9.3,30.6,5.0,14.7,-5.7,8.0,-5.9,7.2,9.1,4.1,2.7,3.0,1.0,2.0,2.0,2.0,2.0,2.0
Nepal,-2.3,8.3,3.8,-3.0,9.7,6.1,4.6,1.7,7.7,4.3,4.6,6.4,4.1,3.8,8.2,3.5,5.3,5.3,2.9,4.5,6.1,5.6,0.1,3.9,4.7,3.5,3.4,3.4,6.1,4.5,4.8,3.4,4.7,3.5,6.0,4.0,0.4,9.0,7.6,6.7,-2.4,4.2,5.8,4.4,5.0,5.0,5.0,5.0,5.0
Netherlands,2.16,-0.5,-1.3,1.8,3.1,2.7,3.1,1.9,4.6,4.5,4.2,2.5,1.6,1.3,3.0,2.8,3.5,4.3,4.7,5.0,4.2,2.3,0.2,0.2,2.0,2.0,3.5,3.8,2.2,-3.7,1.3,1.5,-1.0,-0.1,1.4,2.0,2.2,2.9,2.4,2.0,-3.9,4.9,4.5,1.0,1.0,1.0,1.0,1.0,1.0
New Zealand,1.0,3.0,2.9,-0.1,6.9,1.2,1.8,2.4,0.6,0.4,0.0,-1.3,0.7,5.2,5.6,4.9,4.1,2.5,0.4,4.5,4.2,2.5,4.7,4.4,4.8,3.2,2.8,3.5,-0.3,-1.1,1.8,1.8,2.5,2.3,3.8,3.7,3.9,3.5,3.5,3.1,-1.5,6.1,2.4,1.1,2.0,2.0,2.0,2.0,2.0
Nicaragua,4.6,5.4,-0.8,4.6,-1.6,-4.1,-1.0,-0.7,-12.4,-1.7,-0.1,-0.2,0.4,-0.4,5.0,5.9,6.3,4.0,3.7,7.0,4.1,3.0,0.8,2.5,5.3,4.3,3.8,5.1,3.4,-3.3,4.4,6.3,6.5,4.9,4.8,4.8,4.6,4.6,-3.4,-3.8,-1.8,10.3,4.0,3.0,4.0,4.0,4.0,4.0,4.0
Niger,4.9,-0.2,2.2,-3.9,-16.8,7.7,6.4,0.1,6.9,1.0,-1.3,-0.4,2.0,0.3,1.9,2.5,0.1,1.5,10.0,-0.2,-1.2,7.3,4.9,2.2,0.4,7.3,5.9,3.1,7.7,2.0,8.6,2.4,10.5,5.3,6.6,4.4,5.7,5.0,7.0,6.1,3.5,1.4,11.1,6.1,7.0,7.0,7.0,7.0,7.0
Nigeria,6.21,5.57,6.57,5.74,6.49,8.47,7.76,7.08,9.25,7.98,7.26,-0.6,2.2,1.6,0.3,1.9,4.1,2.9,2.5,0.5,5.5,6.7,14.6,9.5,10.4,7.0,6.7,7.3,7.2,8.4,11.3,4.9,4.3,5.4,6.3,2.7,-1.6,0.8,1.9,2.2,-1.8,3.6,3.3,3.2,3.0,3.0,3.0,3.0,3.0
North Africa,0.3,-3.6,5.5,3.6,3.5,5.3,0.5,-0.7,3.3,4.1,2.5,4.8,0.0,-0.3,3.4,0.3,5.2,2.6,5.7,4.0,4.3,3.8,3.0,6.3,4.6,5.4,4.6,5.5,4.7,2.8,4.5,-0.6,9.9,1.8,1.7,3.7,3.1,4.6,4.2,2.9,-1.8,5.4,4.1,4.0,4.0,4.0,4.0,4.0,4.0
North America,1.0,3.3,-1.8,3.5,6.7,4.0,2.7,3.3,3.9,3.6,2.1,0.2,3.3,2.8,4.2,1.8,3.9,4.7,4.5,4.6,4.2,0.9,1.6,2.6,3.8,3.3,2.9,2.0,0.3,-2.9,3.0,1.9,2.4,1.8,2.4,2.6,1.7,2.3,2.8,2.0,-3.4,5.7,2.3,1.6,2.0,2.0,2.0,2.0,2.0
North Macedonia ,-0.16,-1.68,-1.36,-0.71,0.25,-0.3,0.57,0.53,0.47,0.7,-1.4,-5.53,-5.91,-7.5,-1.8,-1.1,1.2,1.4,3.4,4.3,4.5,-3.1,1.5,2.2,4.7,4.7,5.1,6.5,5.5,-0.4,3.4,2.3,-0.5,2.9,3.6,3.9,2.8,1.1,2.9,3.9,-4.7,3.9,2.2,1.4,2.0,2.0,2.0,2.0,2.0
Norway,4.5,1.6,0.2,4.0,6.1,5.6,4.0,1.8,-0.3,1.0,1.9,3.1,3.6,2.8,5.1,4.2,5.0,5.3,2.7,2.1,3.3,2.1,1.4,0.9,4.0,2.7,2.5,2.9,0.5,-1.9,0.8,1.1,2.7,1.0,2.0,1.9,1.2,2.5,0.8,1.1,-1.3,3.9,3.3,2.1,2.0,2.0,2.0,2.0,2.0
Oman,6.1,17.1,11.5,15.9,13.9,14.5,2.1,-4.0,5.2,3.0,8.4,6.0,8.5,6.1,3.8,4.8,2.9,6.2,2.7,0.3,6.2,4.6,-0.8,-2.2,2.0,2.8,4.7,5.0,9.0,6.0,2.5,2.9,8.9,5.2,1.3,5.0,5.0,0.3,1.3,-1.1,-3.2,2.9,4.3,1.7,3.0,3.0,3.0,3.0,3.0
Other advanced economies,3.8,4.2,2.2,4.0,6.6,4.3,5.5,6.5,5.5,4.6,4.3,3.7,4.0,4.2,6.2,5.3,4.9,4.7,1.0,5.5,5.9,2.2,3.9,2.8,5.3,4.2,4.8,5.2,1.8,-0.9,6.0,3.4,2.2,2.5,3.0,2.3,2.6,3.1,2.8,2.0,-1.6,5.4,2.6,1.8,2.0,2.0,2.0,2.0,2.0
Pacific Islands ,-1.9,2.5,0.3,1.0,3.9,1.1,5.6,-0.1,2.8,4.0,0.5,5.0,10.6,9.1,8.6,-0.6,5.7,-4.4,3.4,3.7,-2.1,0.4,1.0,6.1,2.3,2.7,2.4,4.8,0.6,4.0,7.7,1.9,3.4,3.9,10.5,5.7,4.8,3.9,0.9,3.0,-6.2,-1.2,6.2,4.4,4.0,4.0,4.0,4.0,4.0
Pakistan,6.9,6.2,7.6,6.8,4.0,8.7,6.4,5.8,6.4,4.8,4.6,5.1,7.6,2.1,4.4,5.1,6.6,1.7,3.5,4.2,3.9,2.0,3.1,4.7,7.5,9.0,5.8,5.5,5.0,0.4,2.6,3.6,3.8,3.7,4.1,4.1,4.6,4.6,6.1,3.1,-0.9,5.7,6.0,0.5,4.0,4.0,4.0,4.0,4.0
Palau,1.55,3.08,1.35,0.63,10.0,-1.1,2.73,-0.37,1.03,1.82,2.43,2.77,4.55,2.68,5.2,2.12,1.01,-2.24,1.56,0.51,-0.45,6.5,5.1,-3.4,4.1,3.7,0.0,0.9,-5.3,-6.8,-1.7,4.1,1.9,-1.6,4.4,9.6,3.7,-3.4,0.0,0.4,-7.5,-12.1,-2.9,8.7,4.0,4.0,4.0,4.0,4.0
Panama,4.5,9.2,5.3,-4.5,2.7,4.9,3.6,-1.8,-13.4,1.6,8.1,9.4,8.2,5.5,2.8,1.8,7.4,6.5,7.3,3.9,2.7,0.6,2.2,4.2,7.5,7.2,8.5,12.1,9.9,1.2,5.8,11.3,9.8,6.9,5.1,5.7,5.0,5.6,3.7,3.0,-17.9,15.3,10.0,5.0,5.0,5.0,5.0,5.0,5.0
Papua New Guinea,-2.3,1.1,0.8,3.4,-1.0,3.6,5.7,2.8,2.9,-1.4,-3.1,9.6,13.8,13.3,10.5,-3.4,6.6,-6.3,4.7,1.9,-2.5,-0.1,-0.2,9.0,0.6,4.3,2.5,7.8,-0.3,6.8,10.1,1.1,4.7,3.8,13.5,6.6,5.5,3.5,-0.3,4.5,-3.2,0.1,4.5,3.7,3.0,3.0,3.0,3.0,3.0
Paraguay,11.7,9.2,-1.4,-3.0,2.8,3.9,0.3,4.1,5.9,5.8,4.1,3.5,1.7,4.9,5.3,6.8,1.6,4.2,0.1,-1.4,-2.3,-0.8,0.0,4.3,4.1,2.1,4.8,5.4,6.5,-0.3,11.1,4.3,-0.7,8.3,5.3,3.0,4.3,4.8,3.2,-0.4,-0.8,4.0,0.2,4.5,3.0,3.0,3.0,3.0,3.0
Peru,7.7,5.5,-0.3,-9.3,3.8,2.1,12.1,7.7,-9.4,-13.4,-5.1,2.2,-0.5,5.2,12.3,7.4,2.8,6.5,-0.4,1.5,2.7,0.6,5.5,4.2,5.0,6.3,7.5,8.5,9.1,1.1,8.3,6.3,6.1,5.9,2.4,3.3,4.0,2.5,4.0,2.2,-11.0,13.6,2.7,2.4,3.0,3.0,3.0,3.0,3.0
Philippines,5.1,3.4,3.6,1.9,-7.3,-7.3,3.4,4.3,6.8,6.2,3.0,-0.4,0.4,2.2,4.4,4.6,5.9,5.2,-0.5,3.3,4.4,3.0,3.7,5.1,6.6,4.9,5.3,6.5,4.3,1.4,7.3,3.9,6.9,6.8,6.3,6.3,7.1,6.9,6.3,6.1,-9.5,5.7,7.6,6.0,6.0,6.0,6.0,6.0,6.0
Poland,-6.0,-10.0,-4.8,5.6,-0.4,3.9,3.5,2.3,3.3,3.8,-7.2,-7.0,2.0,4.3,5.2,6.7,6.2,7.1,5.0,4.5,4.3,1.2,1.4,3.5,5.0,3.5,6.1,7.1,4.2,2.8,2.9,5.0,1.5,0.9,3.8,4.4,3.0,5.1,5.9,4.4,-2.0,6.8,4.9,0.3,3.0,3.0,3.0,3.0,3.0
Portugal,6.7,3.5,2.2,1.0,-1.0,1.6,3.3,7.6,5.3,6.6,7.9,3.4,3.1,-0.7,1.5,2.3,3.5,4.4,4.8,3.9,3.8,1.9,0.8,-0.9,1.8,0.8,1.6,2.5,0.3,-3.1,1.7,-1.7,-4.1,-0.9,0.8,1.8,2.0,3.5,2.8,2.7,-8.3,5.5,6.7,1.0,2.0,2.0,2.0,2.0,2.0
Puerto Rico,1.93,1.1,-3.0,0.5,7.3,2.1,8.2,4.9,6.5,4.9,3.8,2.3,4.6,4.6,4.2,4.5,2.3,4.9,6.5,4.4,3.3,9.5,2.2,2.3,2.0,-2.0,-1.4,-1.2,-1.8,-2.0,-0.4,-0.4,0.0,-0.3,-1.2,-1.0,-1.3,-2.9,-4.4,1.7,-4.4,0.2,4.8,0.4,-0.0,-0.0,-0.0,-0.0,-0.0
Qatar,-1.0,-3.9,-8.2,-5.3,16.0,-13.0,3.7,0.9,4.7,5.3,-14.6,-1.5,10.4,-0.9,1.9,0.4,4.2,27.7,10.3,3.8,6.9,4.5,6.9,4.0,19.2,7.8,28.1,18.2,17.5,13.1,17.7,11.3,4.7,5.6,5.3,4.8,3.1,-1.5,1.2,0.7,-3.6,1.6,4.2,2.4,3.0,3.0,3.0,3.0,3.0
"Congo, Republic of ",12.7,2.6,2.4,2.4,2.4,2.4,2.3,2.3,21.9,21.3,1.0,3.4,4.2,1.3,-1.4,4.0,3.5,-1.0,8.9,-3.7,11.8,-4.8,1.0,0.5,-0.2,9.2,8.0,-6.6,6.3,11.6,9.9,2.2,9.9,-0.7,6.7,-3.6,-10.8,-4.4,-4.8,1.0,-6.2,1.5,2.8,4.1,4.0,4.0,4.0,4.0,4.0
"Korea, Republic of",-1.6,7.2,8.3,13.4,10.6,7.8,11.3,12.7,12.0,7.1,9.9,10.8,6.2,6.9,9.3,9.6,7.9,6.2,-5.1,11.5,9.1,4.9,7.7,3.1,5.2,4.3,5.3,5.8,3.0,0.8,6.8,3.7,2.4,3.2,3.2,2.8,2.9,3.2,2.9,2.2,-0.7,4.1,2.6,1.5,2.0,2.0,2.0,2.0,2.0
"South Sudan, Republic of",3.06,2.42,3.42,2.59,3.34,5.32,4.61,3.93,6.1,4.83,4.11,3.4,2.83,3.05,2.85,5.6,6.04,7.59,4.74,4.81,5.64,6.64,5.33,4.97,6.42,6.44,6.33,6.51,5.59,4.09,7.03,5.1,-50.3,27.3,1.6,-0.2,-13.3,-5.8,-2.1,0.9,-6.5,5.3,6.6,5.6,4.0,4.0,4.0,4.0,4.0
"Türkiye, Republic of",-0.8,4.4,3.4,4.8,6.8,4.3,6.9,10.0,2.1,0.3,9.3,0.9,6.0,8.0,-5.5,7.2,7.0,7.5,3.1,-3.3,6.9,-5.8,6.4,5.8,9.8,9.0,6.9,5.0,0.8,-4.8,8.4,11.2,4.8,8.5,4.9,6.1,3.3,7.5,3.0,0.8,1.9,11.4,5.6,2.7,3.0,3.0,3.0,3.0,3.0
Romania,3.3,0.1,3.9,6.0,6.0,-0.1,2.4,0.8,-0.5,-5.8,-5.6,-12.9,-8.8,1.5,3.9,7.1,3.9,-6.1,-4.8,-1.2,2.9,5.1,5.7,2.3,10.3,4.7,8.0,7.2,9.4,-5.6,-3.9,4.5,1.9,0.2,4.1,3.2,2.9,8.2,6.0,3.8,-3.7,5.9,4.8,2.4,3.0,3.0,3.0,3.0,3.0
Russian Federation,-0.03,-0.03,1.8,2.1,0.8,-0.5,1.4,0.6,3.1,0.8,-4.5,-5.0,-14.5,-8.7,-12.7,-4.1,-3.6,1.4,-5.3,6.4,10.0,5.1,4.7,7.3,7.2,6.4,8.2,8.5,5.2,-7.8,4.5,5.1,4.0,1.8,0.7,-2.0,0.2,1.8,2.8,2.2,-2.7,5.6,-2.1,0.7,1.0,1.0,1.0,1.0,1.0
Rwanda,-3.6,2.5,-2.5,6.0,13.0,4.4,5.5,-0.3,0.3,-5.7,0.4,-4.3,6.6,-10.4,-41.9,24.5,11.6,14.9,8.3,3.3,8.4,8.5,13.2,2.2,7.4,9.4,9.2,7.7,11.2,6.2,7.3,8.0,8.6,4.7,6.2,8.9,6.0,4.0,8.6,9.5,-3.4,10.9,6.8,6.2,6.0,6.0,6.0,6.0,6.0
Saint Kitts and Nevis,1.3,2.7,6.1,-2.1,9.7,6.4,8.8,8.3,10.4,6.0,5.5,2.3,3.1,5.4,5.4,3.5,5.9,7.3,1.0,3.9,9.7,5.3,1.4,-3.9,4.0,9.7,3.2,0.6,11.2,-3.4,0.0,1.6,-0.5,5.7,7.6,0.7,3.9,0.9,1.1,4.0,-14.5,-0.9,9.0,4.5,3.0,3.0,3.0,3.0,3.0
Saint Lucia,-0.5,5.1,2.1,4.1,8.0,12.6,14.4,3.9,13.9,9.0,9.9,0.4,8.0,0.6,1.6,1.7,2.9,-0.7,6.3,2.7,0.0,-3.4,0.4,4.3,7.3,-0.4,6.2,1.9,4.9,-1.9,0.5,4.8,-0.4,-2.2,1.3,-0.2,3.8,3.4,2.9,-0.7,-24.4,12.2,14.9,3.0,2.0,2.0,2.0,2.0,2.0
Saint Vincent and the Grenadines,2.9,3.9,2.6,3.2,5.3,4.3,5.4,0.6,13.2,3.3,4.8,2.2,7.1,3.6,-1.2,6.8,1.1,3.7,4.5,2.1,1.8,1.6,4.9,6.1,3.7,2.3,6.5,3.1,0.4,-1.2,-4.3,-0.6,1.1,2.5,1.1,2.8,4.1,1.5,3.2,0.7,-3.7,0.8,5.3,6.0,3.0,3.0,3.0,3.0,3.0
Samoa,-6.1,-9.1,-1.0,0.5,2.0,5.8,4.8,0.5,2.9,5.8,-6.4,-2.4,4.1,1.7,6.4,6.6,7.3,0.8,1.1,-0.6,5.1,7.4,5.7,5.2,3.1,6.6,2.1,0.5,3.6,-0.5,2.5,3.8,-3.7,0.1,0.7,3.9,8.0,1.4,-0.6,4.5,-3.1,-7.1,-6.0,5.0,3.0,3.0,3.0,3.0,3.0
San Marino,0.44,-1.08,-0.76,-0.11,0.85,0.3,1.17,1.13,1.07,1.3,-0.8,-4.93,-5.31,-5.22,-2.77,0.1,1.72,1.79,7.5,9.0,2.2,5.5,0.3,3.9,4.6,2.4,3.8,7.1,-0.4,-10.1,-5.8,-8.5,-7.2,-0.8,-0.6,2.7,2.3,0.3,1.5,2.1,-6.7,8.3,4.6,1.2,1.0,1.0,1.0,1.0,1.0
Saudi Arabia,5.7,1.9,-20.7,-16.1,-4.7,-9.8,17.0,-6.6,13.1,-0.5,15.2,15.0,4.0,-1.4,0.6,0.2,2.6,1.1,2.9,-3.8,5.6,-1.2,-2.8,11.2,8.0,5.6,2.8,1.8,6.2,-2.1,5.0,11.0,5.4,2.9,4.0,4.7,2.4,-0.1,2.8,0.8,-4.3,3.9,8.7,3.1,3.0,3.0,3.0,3.0,3.0
Senegal,-0.8,5.1,7.8,-5.3,3.7,3.3,3.1,6.1,-0.6,4.0,-0.7,2.6,1.2,1.3,-0.2,6.1,1.9,2.7,6.0,6.0,3.9,4.3,0.1,5.6,4.6,4.3,2.3,2.8,3.7,2.8,3.4,1.3,4.0,2.4,6.2,6.4,6.4,7.4,6.2,4.6,1.3,6.1,4.7,8.3,6.0,6.0,6.0,6.0,6.0
Serbia,7.04,5.52,5.84,6.49,7.45,6.9,7.77,7.73,7.67,7.9,5.8,1.67,1.29,1.38,3.83,6.7,8.32,8.39,2.4,-12.1,7.8,5.0,7.1,4.4,9.0,10.2,5.1,6.4,5.7,-2.7,0.7,2.0,-0.7,2.9,-1.6,1.8,3.3,2.1,4.5,4.3,-0.9,7.5,2.3,2.0,3.0,3.0,3.0,3.0,3.0
Seychelles,-2.3,-3.9,-2.1,-0.6,4.3,10.3,0.8,4.9,5.3,10.3,7.5,2.8,7.2,7.3,-2.4,0.5,10.0,12.2,2.5,1.9,4.3,-2.3,1.2,-5.9,-2.9,9.0,9.4,10.4,-2.1,-1.1,6.3,5.7,3.8,6.4,4.7,5.6,5.4,4.5,3.2,3.1,-7.7,7.9,8.8,3.9,4.0,4.0,4.0,4.0,4.0
Sierra Leone,-0.6,1.9,1.8,-1.6,1.7,-6.7,0.1,2.4,2.1,5.0,1.6,-8.0,-9.6,0.1,3.5,-10.0,-24.8,-17.6,-0.8,-8.1,3.8,18.2,26.4,9.3,6.6,4.5,4.2,8.1,5.4,3.2,5.3,6.3,15.2,20.7,4.6,-20.5,6.4,3.8,3.5,5.3,-2.0,4.1,2.8,3.1,3.0,3.0,3.0,3.0,3.0
Singapore,10.1,10.8,7.1,8.6,8.8,-0.6,1.3,10.8,11.3,10.2,9.8,6.7,6.6,11.5,11.1,7.2,7.5,8.3,-2.2,5.7,9.0,-1.1,3.9,4.5,9.9,7.4,9.0,9.0,1.9,0.1,14.5,6.2,4.4,4.8,3.9,3.0,3.6,4.5,3.6,1.3,-3.9,8.9,3.6,1.5,2.0,2.0,2.0,2.0,2.0
Slovak Republic,7.14,5.62,5.94,6.59,7.55,7.0,7.87,7.83,7.77,8.0,5.9,1.77,1.39,1.48,6.2,7.9,6.9,4.4,4.1,-0.1,1.2,3.3,4.5,5.5,5.3,6.6,8.5,10.8,5.6,-5.5,6.7,2.7,1.3,0.6,2.7,5.2,1.9,2.9,4.0,2.5,-3.4,3.0,1.7,1.3,2.0,2.0,2.0,2.0,2.0
Slovenia,4.19,3.83,2.59,4.27,6.56,4.07,4.8,6.2,6.1,6.84,4.57,2.78,6.86,2.8,5.3,4.1,3.6,5.0,3.3,5.3,3.7,3.2,3.5,3.0,4.4,3.8,5.7,7.0,3.5,-7.5,1.3,0.9,-2.6,-1.0,2.8,2.2,3.2,4.8,4.5,3.5,-4.3,8.2,5.4,1.6,3.0,3.0,3.0,3.0,3.0
Solomon Islands,-2.7,-1.8,-1.7,3.9,0.2,-3.1,-0.2,8.4,1.3,4.3,2.2,6.0,12.7,4.0,8.1,10.1,1.6,-0.9,1.3,-0.5,-14.3,-8.0,-2.8,6.5,6.7,5.5,4.9,4.4,5.8,2.6,8.6,7.3,1.4,5.2,1.2,1.7,5.6,3.1,2.7,1.7,-3.4,-0.6,-4.1,2.5,2.0,2.0,2.0,2.0,2.0
Somalia,4.16,3.52,4.52,3.69,4.44,6.42,5.71,5.03,7.2,5.93,5.22,4.5,3.93,4.15,3.95,6.7,7.15,8.7,5.84,5.91,6.74,7.74,6.43,6.07,7.52,7.54,7.43,7.61,6.69,5.19,8.13,6.2,1.2,5.7,2.7,4.6,4.7,2.2,3.7,2.7,-0.3,2.9,1.7,2.8,5.0,5.0,5.0,5.0,5.0
South Africa,6.6,5.4,-0.4,-1.8,5.1,-1.2,0.0,2.1,4.2,2.4,-0.3,-1.0,-2.1,1.2,3.2,3.1,4.3,2.6,0.5,2.4,4.2,2.7,3.7,2.9,4.6,5.3,5.6,5.4,3.2,-1.5,3.0,3.2,2.4,2.5,1.4,1.3,0.7,1.2,1.5,0.3,-6.3,4.9,2.0,0.1,1.0,1.0,1.0,1.0,1.0
South America,5.7,-2.3,-0.4,-2.8,4.4,3.9,7.1,3.8,1.1,-0.1,-1.3,3.9,3.0,4.5,4.9,3.7,2.6,4.8,1.2,-1.3,3.2,0.9,0.3,2.1,7.3,5.1,5.7,6.8,5.0,-1.0,6.7,4.9,2.7,3.3,0.5,-1.1,-2.4,0.8,0.5,-0.1,-6.3,7.5,3.9,1.0,2.0,2.0,2.0,2.0,2.0
South Asia,5.2,6.0,4.2,6.7,4.1,5.7,4.9,4.1,8.3,5.5,5.3,2.4,5.5,4.3,6.2,6.9,7.3,4.0,5.4,7.4,4.2,4.3,3.8,7.2,7.5,8.9,8.5,8.9,4.2,7.1,9.0,6.3,5.4,6.0,6.9,7.3,7.6,6.6,6.4,3.9,-4.3,8.4,6.4,5.2,6.0,6.0,6.0,6.0,6.0
Southeast Asia,7.0,6.5,4.1,4.6,4.9,1.7,5.0,6.5,8.4,9.1,8.4,7.3,6.7,7.8,7.7,8.0,7.5,4.1,-7.5,3.3,5.8,3.3,5.1,5.8,6.5,5.7,6.0,6.6,5.2,2.4,7.4,5.0,6.1,5.1,4.8,4.9,5.1,5.4,5.3,4.7,-3.1,3.2,5.7,4.6,5.0,5.0,5.0,5.0,5.0
Spain,1.2,-0.4,1.2,1.7,1.7,2.4,3.4,5.7,5.3,5.0,3.8,2.5,0.9,-1.3,2.3,4.1,2.4,3.9,4.5,4.7,5.1,3.9,2.7,3.0,3.1,3.7,4.1,3.6,0.9,-3.8,0.2,-0.8,-3.0,-1.4,1.4,3.8,3.0,3.0,2.3,2.0,-11.3,5.5,5.5,1.5,2.0,2.0,2.0,2.0,2.0
Sri Lanka,5.8,5.3,5.2,3.3,6.7,5.0,4.3,1.5,2.7,2.3,6.2,10.8,-3.1,7.5,8.0,6.1,12.2,10.3,-1.6,2.9,8.4,-1.9,3.7,5.9,5.4,6.2,7.7,6.8,6.0,3.5,8.0,8.7,8.6,4.1,6.4,4.2,5.1,6.5,2.3,-0.2,-3.5,3.3,-8.7,-3.0,2.0,2.0,2.0,2.0,2.0
Sub-Saharan Africa,5.54,5.37,5.59,4.91,5.72,7.69,7.54,6.94,8.71,7.28,6.53,0.2,0.0,1.6,1.8,3.9,4.8,3.5,2.4,2.4,4.0,4.6,6.3,4.8,6.9,6.3,6.0,6.6,5.7,3.6,6.9,5.0,4.8,4.9,5.0,3.2,1.5,2.9,3.2,3.3,-1.7,4.8,3.9,3.6,4.0,4.0,4.0,4.0,4.0
Sub-Saharan Africa (Region) ,5.15,4.98,5.2,4.52,5.33,7.3,7.14,6.54,8.31,6.88,6.14,0.5,0.3,1.7,1.9,4.2,4.8,3.6,2.8,2.5,4.2,5.0,6.2,4.9,6.7,6.2,6.1,6.5,5.5,3.2,6.7,4.5,3.9,4.8,4.9,3.3,1.6,2.9,3.0,3.0,-1.7,4.6,3.6,3.5,4.0,4.0,4.0,4.0,4.0
Sudan,2.5,6.3,4.1,-1.5,-5.6,-0.6,9.9,6.5,4.3,1.4,0.8,7.0,5.5,2.8,3.5,8.9,5.5,6.1,8.2,4.2,8.4,10.9,5.9,6.3,5.1,5.6,6.5,5.7,3.8,-2.8,3.9,-3.2,-17.0,2.0,4.7,4.9,4.7,0.8,-2.3,-2.5,-3.6,0.5,-2.5,1.2,3.0,3.0,3.0,3.0,3.0
Suriname,-6.5,1.9,-6.3,-5.1,-3.0,-0.9,-2.4,-8.8,10.8,2.3,-1.5,-13.8,3.9,-2.2,-7.0,11.3,11.2,7.0,2.2,-0.9,-0.1,4.9,3.7,6.2,7.3,4.9,5.8,5.1,4.1,3.0,5.2,5.8,2.7,2.9,0.3,-3.4,-4.9,1.6,4.9,1.1,-15.9,-2.7,1.3,2.3,2.0,2.0,2.0,2.0,2.0
Sweden,4.6,4.5,1.4,2.1,4.3,2.3,3.0,3.3,2.5,2.7,0.8,-1.1,-0.9,-1.8,3.9,3.9,1.6,3.1,4.3,4.2,4.8,1.4,2.2,2.3,4.3,2.9,4.7,3.4,-0.5,-4.3,6.0,3.2,-0.6,1.2,2.7,4.5,2.1,2.6,2.0,2.0,-2.2,5.4,2.6,-0.5,2.0,2.0,2.0,2.0,2.0
Switzerland,5.1,1.6,-1.3,0.6,3.1,3.7,1.8,1.5,3.3,4.4,3.7,-0.9,-0.1,-0.1,1.3,0.6,0.5,2.2,2.9,1.6,4.1,1.6,-0.1,-0.1,2.6,2.8,4.2,3.9,2.7,-2.3,3.2,1.9,1.2,1.8,2.3,1.6,2.1,1.4,2.9,1.2,-2.5,4.2,2.1,0.8,2.0,2.0,2.0,2.0,2.0
Syria,10.5,8.5,2.6,1.6,-6.5,7.3,-4.8,1.3,12.7,-6.1,10.4,10.7,13.2,7.4,5.5,5.4,3.0,-1.1,5.6,-3.1,2.3,3.7,5.9,-2.0,6.9,6.2,5.0,5.7,4.5,5.9,3.4,-0.89,-0.68,-1.56,-2.76,-4.79,-1.61,-4.79,-3.69,-4.4,-10.23,0.74,2.55,-0.55,-0.0,-0.0,-0.0,-0.0,-0.0
São Tomé and Príncipe,-1.1,-10.3,3.1,-3.9,-6.0,9.3,-5.8,-2.9,2.0,3.1,-2.2,1.2,0.7,1.1,2.2,2.0,1.5,1.0,2.5,2.5,0.4,2.4,2.4,6.6,3.8,7.1,9.1,3.3,8.2,2.4,6.7,4.4,3.1,4.8,6.5,3.8,4.2,3.9,3.0,2.2,3.0,1.9,0.9,2.0,3.0,3.0,3.0,3.0,3.0
Taiwan Province of China,8.0,7.1,4.8,9.0,10.0,4.8,11.5,12.8,8.0,8.7,5.5,8.4,8.3,6.8,7.5,6.5,6.2,6.1,4.2,6.7,6.3,-1.4,5.5,4.2,7.0,5.4,5.8,6.9,0.8,-1.6,10.2,3.7,2.2,2.5,4.7,1.5,2.2,3.3,2.8,3.1,3.4,6.5,2.5,2.1,2.0,2.0,2.0,2.0,2.0
Tajikistan,6.48,6.48,8.31,8.61,7.31,6.01,7.91,7.11,9.61,7.31,2.01,-6.89,-15.64,-11.1,-21.4,-12.5,-4.4,1.7,5.3,3.7,8.3,10.2,9.1,10.2,10.6,6.7,7.0,7.8,7.9,3.9,6.5,7.4,7.5,7.4,6.7,6.0,6.9,7.1,7.6,7.4,4.4,9.4,8.0,5.0,5.0,5.0,5.0,5.0,5.0
Tanzania,3.3,0.5,0.6,2.4,3.4,4.6,6.6,5.9,4.4,3.8,7.0,2.1,0.6,1.2,1.6,3.6,4.5,3.5,3.7,4.8,4.9,6.0,7.2,6.9,7.8,7.4,4.7,8.5,5.6,5.4,6.4,7.9,5.1,6.8,6.7,6.2,6.9,6.8,7.0,7.0,4.8,4.9,4.7,5.2,6.0,6.0,6.0,6.0,6.0
Thailand,4.6,5.9,5.4,5.6,5.8,4.6,5.5,9.5,13.3,12.2,11.6,8.4,9.2,8.7,8.0,8.1,5.7,-2.8,-7.6,4.6,4.5,3.4,6.1,7.2,6.3,4.2,5.0,5.4,1.7,-0.7,7.5,0.8,7.2,2.7,1.0,3.1,3.4,4.2,4.2,2.1,-6.2,1.6,2.6,3.4,3.0,3.0,3.0,3.0,3.0
"Bahamas, The",7.1,-2.9,6.3,6.8,2.4,4.1,2.6,3.7,2.3,2.3,1.1,-4.2,-3.8,0.3,3.1,4.4,4.2,4.9,4.7,7.1,4.1,2.6,2.7,-1.3,0.9,3.4,2.5,1.4,-2.3,-4.2,1.5,0.6,3.1,-2.9,1.8,1.0,-0.9,3.1,1.8,1.9,-23.8,13.7,11.0,4.3,2.0,2.0,2.0,2.0,2.0
"Gambia, The",0.7,-9.5,20.8,13.5,-7.6,3.6,2.4,2.8,1.7,4.3,5.7,2.2,1.8,3.8,-3.4,3.3,2.9,1.4,6.5,6.4,5.5,5.8,-3.2,6.9,7.0,-2.4,-0.6,3.0,6.3,6.7,5.9,-8.1,5.2,2.9,-1.4,4.1,1.9,4.8,7.2,6.2,0.6,4.3,4.4,5.6,5.0,5.0,5.0,5.0,5.0
Timor-Leste,3.13,4.86,2.2,2.14,2.26,-1.04,-0.09,1.91,3.79,4.31,3.16,2.86,3.48,3.41,4.51,4.11,3.78,1.38,-4.94,2.25,3.87,16.3,-6.7,-2.2,0.4,3.0,-4.1,10.3,11.4,10.1,9.3,6.0,4.9,3.1,4.5,2.8,3.4,-3.1,-0.7,2.1,-8.3,2.9,3.3,2.2,3.0,3.0,3.0,3.0,3.0
Togo,-2.3,-3.4,-3.7,-5.2,5.9,3.7,3.3,-2.5,10.1,4.1,5.9,-0.6,-3.2,-16.3,13.9,19.7,-3.9,3.8,-2.3,2.5,-1.0,0.8,3.8,6.7,-1.0,-4.7,2.7,-1.2,4.1,5.5,6.1,6.4,6.5,6.1,5.9,5.7,5.6,4.3,5.0,5.5,1.8,5.3,5.4,5.5,6.0,6.0,6.0,6.0,6.0
Tonga,15.8,14.0,12.8,5.8,44.1,5.6,8.8,1.7,-3.5,1.1,4.7,5.9,-3.8,-0.1,2.0,7.9,0.1,-0.6,2.3,2.3,3.8,1.5,4.5,0.1,-1.9,-0.4,-2.2,-2.5,4.8,-5.2,0.8,6.8,0.8,0.3,2.0,1.2,6.6,3.3,0.2,0.7,0.5,-2.7,-2.0,2.5,2.0,2.0,2.0,2.0,2.0
Trinidad and Tobago,10.4,4.6,3.8,-10.3,-5.8,-4.1,-3.3,-4.6,-3.9,-0.8,1.5,3.1,10.1,-0.7,3.6,3.8,7.1,7.5,8.1,8.0,6.9,3.7,7.2,13.9,7.3,5.9,14.2,4.3,3.3,-4.8,3.5,-0.2,4.5,3.8,3.3,-0.8,-6.8,-4.7,-0.9,0.1,-7.7,-1.0,2.5,3.2,2.0,2.0,2.0,2.0,2.0
Tunisia,7.4,5.5,-0.5,4.7,5.7,5.7,-1.5,6.7,0.1,2.6,7.1,4.1,8.0,2.5,3.6,2.7,6.9,5.7,5.0,6.0,4.3,3.8,1.3,4.7,6.2,3.5,5.2,6.7,4.2,3.0,3.5,-2.0,4.2,2.4,3.1,1.0,1.1,2.2,2.6,1.6,-8.8,4.4,2.5,1.3,2.0,2.0,2.0,2.0,2.0
Turkmenistan,8.27,8.27,10.1,10.4,9.1,7.8,9.7,8.9,11.4,9.1,3.8,-5.1,-13.85,-10.0,-17.3,-7.2,-6.7,-11.3,6.7,16.5,18.6,20.4,15.8,17.1,14.7,13.0,11.0,11.1,14.7,6.1,16.2,12.9,6.1,-0.3,3.8,3.0,-1.0,4.7,0.9,-3.4,-2.9,4.6,1.8,2.3,2.0,2.0,2.0,2.0,2.0
Tuvalu,4.15,5.68,3.95,3.23,12.6,1.5,5.33,2.23,3.63,4.42,5.03,5.37,7.15,5.28,7.8,4.72,3.61,0.36,4.16,3.11,2.15,0.7,8.3,-4.4,-1.9,-3.7,1.3,6.9,6.6,-5.6,-2.5,7.5,-2.9,3.8,1.7,9.4,4.7,3.3,1.4,13.8,-4.3,1.8,0.7,4.3,3.0,3.0,3.0,3.0,3.0
Uganda,-3.4,3.9,8.2,4.9,-3.0,-3.0,0.9,4.0,8.3,6.4,6.5,1.8,5.9,6.7,7.7,9.2,6.6,4.6,6.1,8.0,3.9,8.8,7.1,6.2,5.8,10.0,7.0,8.1,10.4,8.1,7.5,7.7,2.3,3.9,5.7,8.0,0.2,6.8,5.5,7.8,-1.3,6.0,4.9,5.7,6.0,6.0,6.0,6.0,6.0
Ukraine,-0.13,-0.13,1.7,2.0,0.7,-0.6,1.3,0.5,3.0,0.7,-4.6,-13.5,-9.9,-14.2,-22.9,-12.2,-10.0,-3.0,-1.9,-0.2,5.9,8.8,5.3,9.5,11.8,3.1,7.6,8.2,2.2,-15.1,4.1,5.5,0.2,0.0,-6.6,-9.8,2.4,2.4,3.5,3.2,-3.8,3.4,-30.3,-3.0,-1.0,-1.0,-1.0,-1.0,-1.0
United Arab Emirates,-1.8,8.0,-7.2,-5.2,4.5,-2.5,-19.3,5.3,-2.6,15.7,23.6,2.1,3.1,0.0,7.4,6.6,5.3,8.6,0.8,3.8,12.3,1.3,2.5,8.8,9.6,4.9,9.8,3.2,3.2,-5.2,1.6,6.9,4.8,5.1,4.2,6.8,5.6,0.7,1.3,1.1,-5.0,3.9,7.4,3.5,4.0,4.0,4.0,4.0,4.0
United Kingdom,-2.2,-0.9,1.7,3.9,1.9,3.7,2.6,5.2,5.2,2.2,0.6,-1.7,0.0,2.1,3.5,2.1,1.9,4.5,3.2,3.0,4.1,2.2,1.8,3.1,2.3,2.7,2.2,2.6,-0.2,-4.5,2.4,1.1,1.4,1.8,3.2,2.4,2.2,2.4,1.7,1.6,-11.0,7.6,4.0,-0.3,1.0,1.0,1.0,1.0,1.0
United States,-0.3,2.5,-1.8,4.6,7.2,4.2,3.5,3.5,4.2,3.7,1.9,-0.1,3.5,2.8,4.0,2.7,3.8,4.4,4.5,4.8,4.1,1.0,1.7,2.8,3.9,3.5,2.8,2.0,0.1,-2.6,2.7,1.5,2.3,1.8,2.3,2.7,1.7,2.2,2.9,2.3,-2.8,5.9,2.1,1.6,2.0,2.0,2.0,2.0,2.0
Uruguay,6.0,1.9,-9.4,-5.9,-1.5,0.3,7.5,5.9,0.5,1.1,0.3,3.5,7.9,2.7,7.3,-1.4,5.6,5.0,4.5,-1.9,-1.9,-3.8,-7.7,0.8,5.0,7.5,4.1,6.5,7.2,4.2,7.8,5.2,3.5,4.6,3.2,0.4,1.7,1.6,0.5,0.4,-6.1,4.4,4.9,2.0,3.0,3.0,3.0,3.0,3.0
Uzbekistan,5.74,5.74,7.57,7.87,6.57,5.27,7.17,6.37,8.87,6.57,1.27,-7.63,-11.1,-2.3,-5.2,-0.9,1.7,5.2,4.3,4.3,3.8,4.2,4.0,4.2,7.4,7.0,7.5,9.5,9.0,8.1,7.1,7.5,7.1,7.3,6.9,7.2,5.9,4.4,5.9,6.0,2.0,7.4,5.7,5.3,6.0,6.0,6.0,6.0,6.0
Vanuatu,5.5,4.4,2.0,3.0,9.6,1.0,-0.1,-2.9,-1.7,1.5,11.7,3.1,2.6,0.7,9.1,1.0,2.3,4.9,1.2,0.3,5.9,-3.4,-5.2,4.3,4.0,5.3,8.5,2.9,5.6,3.0,1.3,3.1,1.0,0.5,3.1,0.4,4.7,6.3,2.9,3.2,-5.0,0.6,1.9,3.5,3.0,3.0,3.0,3.0,3.0
Venezuela,-4.9,-1.3,2.6,-9.9,5.2,0.9,6.1,4.8,6.5,-13.9,6.5,9.7,6.1,0.3,-2.3,4.0,-0.2,6.4,0.3,-6.0,3.7,3.4,-8.9,-7.8,18.3,10.3,9.9,8.8,5.3,-3.2,-1.5,4.2,5.6,1.3,-3.9,-6.2,-17.0,-15.7,-19.7,-27.7,-30.0,0.5,8.0,5.0,3.0,3.0,3.0,3.0,3.0
Vietnam,-3.5,5.8,8.2,7.1,8.4,5.6,3.4,2.5,5.1,7.8,5.0,5.8,8.7,8.1,8.8,9.5,9.3,8.2,5.8,4.8,6.8,6.9,7.1,7.3,7.8,7.5,7.0,7.1,5.7,5.4,6.4,6.4,5.5,5.6,6.4,7.0,6.7,6.9,7.5,7.4,2.9,2.6,8.0,5.8,6.0,6.0,6.0,6.0,6.0
West Bank and Gaza,5.91,8.53,2.94,9.53,12.86,7.7,5.86,8.57,5.92,5.7,8.12,9.94,19.9,10.22,10.52,7.1,1.2,14.7,14.3,8.3,-8.6,-9.3,-12.5,14.0,21.9,11.3,-1.0,3.8,7.4,8.6,5.8,9.6,6.1,4.7,-0.2,3.7,8.9,1.4,1.2,1.4,-11.3,7.0,4.0,3.5,2.0,2.0,2.0,2.0,2.0
Western Europe,1.6,0.3,0.7,1.7,2.5,2.6,2.6,3.0,4.2,3.7,3.2,1.9,1.2,-0.2,2.7,2.5,1.7,3.0,3.1,3.0,3.9,2.1,1.1,1.1,2.3,1.9,3.1,2.8,0.3,-4.3,2.2,1.6,-0.4,0.2,1.7,2.2,1.9,2.6,1.8,1.6,-6.6,5.7,3.6,0.6,2.0,2.0,2.0,2.0,2.0
Western Hemisphere (Region),2.2,2.0,-1.4,2.1,6.1,3.9,3.7,3.5,3.3,2.8,1.4,1.0,3.3,3.1,4.3,2.3,3.6,4.7,3.9,3.5,4.0,1.0,1.4,2.5,4.5,3.7,3.5,3.1,1.4,-2.4,3.8,2.6,2.5,2.2,2.0,1.8,0.9,2.0,2.4,1.6,-4.1,6.2,2.7,1.6,2.0,2.0,2.0,2.0,2.0
World,2.1,1.9,0.7,2.6,4.6,3.6,3.6,3.9,4.7,3.8,3.4,2.7,2.3,2.0,3.2,3.3,3.9,4.0,2.6,3.5,4.8,2.5,2.9,4.3,5.4,4.9,5.4,5.6,3.1,-0.1,5.4,4.3,3.5,3.4,3.5,3.4,3.3,3.8,3.6,2.8,-2.8,6.3,3.4,2.8,3.0,3.0,3.0,3.0,3.0
Yemen,4.12,6.74,1.15,7.74,11.08,5.92,4.08,6.79,4.13,3.92,6.33,6.3,8.2,4.0,6.7,5.7,4.6,5.2,6.0,3.8,6.2,3.8,3.9,3.7,4.0,5.6,3.2,3.3,3.6,3.9,7.7,-12.7,2.4,4.8,-0.2,-28.0,-9.4,-5.1,0.8,1.4,-8.5,-1.0,1.5,-0.5,2.0,2.0,2.0,2.0,2.0
Zambia,3.9,6.6,-2.9,-1.1,-1.7,1.2,1.7,1.5,9.3,-3.7,-0.6,-0.7,2.1,-0.1,-13.3,2.9,6.2,3.8,-0.4,4.7,3.9,5.3,4.5,6.9,7.0,7.2,7.9,8.4,7.8,9.2,10.3,5.6,7.6,5.1,4.7,2.9,3.8,3.5,4.0,1.4,-2.8,4.6,3.4,4.0,4.0,4.0,4.0,4.0,4.0
Zimbabwe,2.41,1.77,2.77,1.94,2.69,4.67,3.96,3.28,5.45,4.18,3.46,2.75,2.18,2.4,2.2,4.95,5.39,6.94,4.09,-1.1,-4.2,-0.5,-7.7,-16.2,-6.3,-7.4,-3.6,-3.4,-16.3,7.4,19.7,14.2,16.7,2.0,2.4,1.8,0.5,5.0,4.7,-6.1,-7.8,8.5,3.0,2.5,3.0,3.0,3.0,3.0,3.0
Central Asia and the Caucasus,11.34,11.34,13.17,13.47,12.17,10.87,12.77,11.97,14.47,12.17,6.87,-3.86,-13.84,2.1,-7.4,3.6,5.5,6.5,2.8,-1.0,7.2,-0.9,7.1,6.9,9.5,9.8,9.0,7.6,3.0,-1.0,8.0,9.4,5.1,7.4,4.8,4.9,2.8,6.3,3.3,1.9,0.6,9.6,5.3,3.1,3.0,3.0,3.0,3.0,3.0
